กรุงเทพมหานคร,1,นายสุวิทย์ จารึกเสถียร,1,ชาติไทย,2075
กรุงเทพมหานคร,1,นางเจิมมาศ จึงเลิศศิริ,4,ประชาธิปัตย์,32926
กรุงเทพมหานคร,1,นายประสพชัย ชโลปถัมภ์,5,ประชาชนไทย,102
กรุงเทพมหานคร,1,นายศิริ หวังบุญเกิด,9,ไทยรักไทย,26131
กรุงเทพมหานคร,1,นายจิรภา แสนเกษม,11,มหาชน,1193
กรุงเทพมหานคร,2,นายอรัญ พันธุมจินดา,1,ชาติไทย,3015
กรุงเทพมหานคร,2,นางสุภัคสิริ หฤษฎางค์กูร,4,ประชาธิปัตย์,14071
กรุงเทพมหานคร,2,นายสืบสันต์ สืบสหการ,5,ประชาชนไทย,129
กรุงเทพมหานคร,2,นายกฤษฎา สัจจกุล,9,ไทยรักไทย,37493
กรุงเทพมหานคร,2,นายพิชัย สิริรัตนพลกุล,11,มหาชน,1164
กรุงเทพมหานคร,3,นายฉัตรชัย นาคอนุรักษ์,1,ชาติไทย,3217
กรุงเทพมหานคร,3,นายประพันธ์ คูณมี,4,ประชาธิปัตย์,23885
กรุงเทพมหานคร,3,นายจรัล สถิตปรัชญากุล,5,ประชาชนไทย,225
กรุงเทพมหานคร,3,นางลลิตา ฤกษ์สำราญ,9,ไทยรักไทย,47376
กรุงเทพมหานคร,3,นายวิภาส ทองสุทธิ์,11,มหาชน,1191
กรุงเทพมหานคร,4,นายกฤษฎา อินทามระ,1,ชาติไทย,1663
กรุงเทพมหานคร,4,นายพุทธิพงษ์ ปุณณกันต์,4,ประชาธิปัตย์,27888
กรุงเทพมหานคร,4,นายกฤตย์ ธารสุนทร,5,ประชาชนไทย,79
กรุงเทพมหานคร,4,นายรชฏ พิสิษฐบรรณกร,9,ไทยรักไทย,29699
กรุงเทพมหานคร,4,นายพจน์ ลักษณสมพงศ์,11,มหาชน,741
กรุงเทพมหานคร,5,นายปอรรัชม์ ยอดเณร,1,ชาติไทย,2732
กรุงเทพมหานคร,5,นายกอร์ปศักดิ์ สภาวสุ,4,ประชาธิปัตย์,20456
กรุงเทพมหานคร,5,นายประจวบ อึ๊งภากรณ์,9,ไทยรักไทย,23236
กรุงเทพมหานคร,5,นายชมพูนุท ชายุตพงศ์,11,มหาชน,374
กรุงเทพมหานคร,6,นายธรรณม์ชัย รุ่งจิรโรจน์,1,ชาติไทย,1559
กรุงเทพมหานคร,6,นายอภิมงคล โสณกุล,4,ประชาธิปัตย์,34931
กรุงเทพมหานคร,6,นางอรทัย ฐานะจาโร,9,ไทยรักไทย,27271
กรุงเทพมหานคร,6,นายดำรงศักดิ์ ธารดำรงค์,11,มหาชน,731
กรุงเทพมหานคร,7,นายดวงดาว รอบคอบ,1,ชาติไทย,1509
กรุงเทพมหานคร,7,นายกรณ์ จาติกวณิช,4,ประชาธิปัตย์,36010
กรุงเทพมหานคร,7,นายดนุพร ปุณณกันต์,9,ไทยรักไทย,29613
กรุงเทพมหานคร,7,นายณัฐพัชร์ โชติวรวัฒน์,11,มหาชน,363
กรุงเทพมหานคร,8,นายชัยยุทธ วงศ์พิภพมงคล,1,ชาติไทย,1070
กรุงเทพมหานคร,8,นายสมเกียรติ ฉันทวานิช,4,ประชาธิปัตย์,24123
กรุงเทพมหานคร,8,นายพงษ์พิสุทธิ์ จินตโสภณ,9,ไทยรักไทย,25089
กรุงเทพมหานคร,9,นายถนอม อ่อนเกตุพล,4,ประชาธิปัตย์,20143
กรุงเทพมหานคร,9,นายศิธา ทิวารี,9,ไทยรักไทย,30342
กรุงเทพมหานคร,9,นายโชคชัย สุดดี,11,มหาชน,832
กรุงเทพมหานคร,9,นายศุภโชค จินดาพล,19,รักษ์ถิ่นไทย,404
กรุงเทพมหานคร,10,นายสุคนธ์ ฟ้าอรุณ,1,ชาติไทย,1441
กรุงเทพมหานคร,10,นายอิสรา สุนทรวัฒน์,4,ประชาธิปัตย์,29084
กรุงเทพมหานคร,10,นายบุญส่ง ประเสริฐดำรง,5,ประชาชนไทย,80
กรุงเทพมหานคร,10,นายณหทัย ทิวไผ่งาม,9,ไทยรักไทย,32483
กรุงเทพมหานคร,10,นายสิทธิชัย นุ่มแจ่ม,11,มหาชน,635
กรุงเทพมหานคร,11,นายอวยชัย ชุนาวรรณ,1,ชาติไทย,3091
กรุงเทพมหานคร,11,นายเฟื่องวิชชุ์ อนิรุทธเทวา,4,ประชาธิปัตย์,30497
กรุงเทพมหานคร,11,นายยุรนันท์ ภมรมนตรี,9,ไทยรักไทย,40176
กรุงเทพมหานคร,11,นายณัฐชนก ผดุงทรง,11,มหาชน,698
กรุงเทพมหานคร,12,นายสุรพล ศรีวิทยา,1,ชาติไทย,3488
กรุงเทพมหานคร,12,นายชวนนท์ อินทรโกมาลย์สุต,4,ประชาธิปัตย์,33324
กรุงเทพมหานคร,12,นายกรณิศ ศรีสัจจา,5,ประชาชนไทย,113
กรุงเทพมหานคร,12,นายเฉลิมชัย จีนะวิจารณะ,9,ไทยรักไทย,51424
กรุงเทพมหานคร,12,นายนิพนธ์ ทาบุราญ,11,มหาชน,750
กรุงเทพมหานคร,12,นายณัฐฌพรหม นุสติ,21,กฤษไทยมั่นคง,99
กรุงเทพมหานคร,13,นายชาญเวทย์ บูชา,1,ชาติไทย,2145
กรุงเทพมหานคร,13,นายอัศวิน อภัยวงศ์,4,ประชาธิปัตย์,17707
กรุงเทพมหานคร,13,นายศุภมาส อิศรภักดี,9,ไทยรักไทย,39348
กรุงเทพมหานคร,13,นายจิตติ โสภณดิเรกรัตน์,11,มหาชน,3227
กรุงเทพมหานคร,14,นายจณิสตา ลิ่วเฉลิมวงศ์,1,ชาติไทย,37457
กรุงเทพมหานคร,14,นายสุรศักดิ์ ทรงไชยรัตนกุล,4,ประชาธิปัตย์,9419
กรุงเทพมหานคร,14,นายพลพิสิทธิ์ แจวจันทึก,5,ประชาชนไทย,434
กรุงเทพมหานคร,14,นายไพโรจน์ เกี้ยวทอง,10,ความหวังใหม่,2375
กรุงเทพมหานคร,14,นายสุทธินันท์ จันทระ,11,มหาชน,2054
กรุงเทพมหานคร,15,นายสมชาย เวสารัชตระกูล,1,ชาติไทย,6091
กรุงเทพมหานคร,15,นายเดชา ยิ้มอำนวย,4,ประชาธิปัตย์,16341
กรุงเทพมหานคร,15,นางปวีณา หงสกุล,9,ไทยรักไทย,59718
กรุงเทพมหานคร,15,นายอานนท์ เชาวนรัตน์,10,ความหวังใหม่,139
กรุงเทพมหานคร,15,นายปริญญา เกษศิริ,11,มหาชน,800
กรุงเทพมหานคร,16,นายกษิดิศ เทียกสีบุญ,1,ชาติไทย,3507
กรุงเทพมหานคร,16,นายสุริยะ ศึกษากิจ,4,ประชาธิปัตย์,27986
กรุงเทพมหานคร,16,นายอนุสรณ์ ปั้นทอง,9,ไทยรักไทย,56596
กรุงเทพมหานคร,16,นายฐิติโชค กาญจนภักดี,11,มหาชน,5785
กรุงเทพมหานคร,17,นายศักดิ์ชัย จีรพรชัย,1,ชาติไทย,2255
กรุงเทพมหานคร,17,นายชูศักดิ์ จึงพานิช,4,ประชาธิปัตย์,24250
กรุงเทพมหานคร,17,นายพันธ์วริศ พุกเสวก,5,ประชาชนไทย,109
กรุงเทพมหานคร,17,นายประมณฑ์ คุณะเกษม,9,ไทยรักไทย,35919
กรุงเทพมหานคร,18,นายภคิณ ทิพย์สุคนธ์,1,ชาติไทย,1495
กรุงเทพมหานคร,18,นายบำรุง รัตนะ,4,ประชาธิปัตย์,23632
กรุงเทพมหานคร,18,นายสันติ วิชัยพล,5,ประชาชนไทย,85
กรุงเทพมหานคร,18,นายภูวนิดา คุนผลิน,9,ไทยรักไทย,31691
กรุงเทพมหานคร,18,นายพิชัย หงษ์สุวรรณ,11,มหาชน,576
กรุงเทพมหานคร,19,นายฐิติ ชัยนาม,4,ประชาธิปัตย์,27719
กรุงเทพมหานคร,19,นายวรรธนะ เพชรชนะ,5,ประชาชนไทย,104
กรุงเทพมหานคร,19,นายพิมล ศรีวิกรม์,9,ไทยรักไทย,44940
กรุงเทพมหานคร,19,นายปานกฤษณ์ จรัณยานนท์,11,มหาชน,775
กรุงเทพมหานคร,19,นายประดับ เอี่ยมโอบวงศ์,15,ชาติประชาธิปไตย,151
กรุงเทพมหานคร,20,นายแพทย์ทิวา เงินยวง,4,ประชาธิปัตย์,29458
กรุงเทพมหานคร,20,นายรักเกียรติ แก้วทอง,5,ประชาชนไทย,85
กรุงเทพมหานคร,20,นายพฤฒิชัย ดำรงรัตน์,9,ไทยรักไทย,40139
กรุงเทพมหานคร,20,นายแมน เจริญวัลย์,11,มหาชน,1561
กรุงเทพมหานคร,21,นายกฤชญาณ ทิพย์สุคนธ์,1,ชาติไทย,2296
กรุงเทพมหานคร,21,นางนาถยา เบ็ญจศิริวรรณ,4,ประชาธิปัตย์,35633
กรุงเทพมหานคร,21,นายเอกพจน์ วงศ์อารยะ,9,ไทยรักไทย,48043
กรุงเทพมหานคร,21,นายอับดุลฮากีม ยีตา,10,ความหวังใหม่,111
กรุงเทพมหานคร,21,นายธนัทเทพ สุดถนอม,11,มหาชน,472
กรุงเทพมหานคร,22,นายอภินันท์ พหลแพทย์,1,ชาติไทย,3027
กรุงเทพมหานคร,22,นายเสนีย์ สุวรรณดี,4,ประชาธิปัตย์,37658
กรุงเทพมหานคร,22,นายภัทรศักดิ์ โอสถานุเคราะห์,9,ไทยรักไทย,48210
กรุงเทพมหานคร,22,นายวิสูตร วิสุทธิไกรสีห์,11,มหาชน,1461
กรุงเทพมหานคร,23,นายวิรัช นาโค,1,ชาติไทย,2972
กรุงเทพมหานคร,23,นายชาญ เชาว์วิศิษฐ,4,ประชาธิปัตย์,27325
กรุงเทพมหานคร,23,นายศันสนีย์ นาคพงศ์,9,ไทยรักไทย,53976
กรุงเทพมหานคร,23,นายชาญชัย งามธุระ,11,มหาชน,2761
กรุงเทพมหานคร,24,นายสุรวีร์ บุญราช,1,ชาติไทย,2087
กรุงเทพมหานคร,24,นายสุทธิ ปัญญาสกุลวงศ์,4,ประชาธิปัตย์,23865
กรุงเทพมหานคร,24,นายวัฒนา เซ่งไพเราะ,9,ไทยรักไทย,32128
กรุงเทพมหานคร,24,นางสมิตา สรสุชาติ,11,มหาชน,4142
กรุงเทพมหานคร,24,นายเกียรติยศโรเยอร์ โลหนันทน์,18,รักษ์ถิ่นไทย,181
กรุงเทพมหานคร,25,นายสุรชัย นิวาสพันธ์,1,ชาติไทย,3689
กรุงเทพมหานคร,25,นายอนันต์ ฤกษ์ดี,4,ประชาธิปัตย์,35906
กรุงเทพมหานคร,25,นายศุภลักษณ์ จิตปัญโญยศ,5,ประชาชนไทย,686
กรุงเทพมหานคร,25,นายมงคล กิมสูนจันทร์,9,ไทยรักไทย,78296
กรุงเทพมหานคร,25,นายรัชพงศ์ ทาบุราญ,11,มหาชน,886
กรุงเทพมหานคร,25,นายมุดตาฝ้า หมันงะ,12,ประชากรไทย,5842
กรุงเทพมหานคร,25,นายกำพล ศรีสมบูรณ์,13,ไทยช่วยไทย,85
กรุงเทพมหานคร,25,นายชูพงษ์ แพทย์หลักฟ้า,21,เผ่าไท,190
กรุงเทพมหานคร,26,นายขุนธรรม เดือดขุนทด,1,ชาติไทย,2851
กรุงเทพมหานคร,26,นายประพันธ์ ปุษยไพบูลย์,4,ประชาธิปัตย์,43034
กรุงเทพมหานคร,26,นายศุภวัฒน์ ฟักตระกูล,5,ประชาชนไทย,144
กรุงเทพมหานคร,26,นายวิชาญ มีนชัยนันท์,9,ไทยรักไทย,73744
กรุงเทพมหานคร,26,นายแสนสมบูรณ์ นวลปวน,10,ความหวังใหม่,311
กรุงเทพมหานคร,26,นายเดชา อยู่หว่าง,11,มหาชน,1232
กรุงเทพมหานคร,27,นายสุเทพ แสงเอี่ยม,1,ชาติไทย,1843
กรุงเทพมหานคร,27,นายธัชพงศ์ ธรรมพุฒิพงศ์,4,ประชาธิปัตย์,17850
กรุงเทพมหานคร,27,นายเมือง สุวรรณสัญญา,5,ประชาชนไทย,74
กรุงเทพมหานคร,27,นายเอนก หุตังคบดี,9,ไทยรักไทย,35075
กรุงเทพมหานคร,27,นายบัณฑูร บุญสนอง,11,มหาชน,408
กรุงเทพมหานคร,28,นายวิสิฐ ศรีพิทักษ์,1,ชาติไทย,1413
กรุงเทพมหานคร,28,นายวิลาศ จันทร์พิทักษ์,4,ประชาธิปัตย์,22680
กรุงเทพมหานคร,28,นายศิลัมพา เลิศนุวัฒน์,9,ไทยรักไทย,26702
กรุงเทพมหานคร,28,นายรัชวิศน์ คุณปสุต,11,มหาชน,6521
กรุงเทพมหานคร,28,นายคณาบุญ รัตนตานนท์,18,รักษ์ถิ่นไทย,66
กรุงเทพมหานคร,29,นายมนูญ นกยูงทอง,1,ชาติไทย,2233
กรุงเทพมหานคร,29,นายจักรพันธ์ พรนิมิตร,4,ประชาธิปัตย์,30537
กรุงเทพมหานคร,29,นายภิมุข สิมะโรจน์,9,ไทยรักไทย,39061
กรุงเทพมหานคร,29,นายสมศักดิ์ มีเสถียร,11,มหาชน,380
กรุงเทพมหานคร,30,นายนพกร ธีรภาพวงศา,1,ชาติไทย,719
กรุงเทพมหานคร,30,นายองอาจ คล้ามไพบูลย์,4,ประชาธิปัตย์,30995
กรุงเทพมหานคร,30,นางกิ่งฟ้า สืบสหการ,5,ประชาชนไทย,43
กรุงเทพมหานคร,30,นายจักรภพ เพ็ญแข,9,ไทยรักไทย,23740
กรุงเทพมหานคร,30,นายไชยยศ อรุณสุริยศักดิ์,11,มหาชน,144
กรุงเทพมหานคร,31,นายบุญชู มีศรี,1,ชาติไทย,3486
กรุงเทพมหานคร,31,นายบุณธีร์ พานิชประไพ,4,ประชาธิปัตย์,29264
กรุงเทพมหานคร,31,นายปิติพงศ์ เต็มเจริญ,9,ไทยรักไทย,53369
กรุงเทพมหานคร,31,นายจวง เทียนจวง,11,มหาชน,1235
กรุงเทพมหานคร,32,นายอภิชาติ กมลทิพย์,1,ชาติไทย,2289
กรุงเทพมหานคร,32,นายสุรันต์ จันทร์พิทักษ์,4,ประชาธิปัตย์,37556
กรุงเทพมหานคร,32,นายมานะ คงวุฒิปัญญา,9,ไทยรักไทย,39199
กรุงเทพมหานคร,32,นายพีระ มีผล,11,มหาชน,923
กรุงเทพมหานคร,33,นายสมบูรณ์ กุลเมืองน้อย,1,ชาติไทย,2273
กรุงเทพมหานคร,33,นางนันทพร วีรกุลสุนทร,4,ประชาธิปัตย์,32670
กรุงเทพมหานคร,33,นายสุวัฒน์ ม่วงศิริ,9,ไทยรักไทย,47008
กรุงเทพมหานคร,33,นายสมบัติ เบญจศิริมงคล,11,มหาชน,694
กรุงเทพมหานคร,34,นายมงคล โค้ววัฒนะวงษ์รักษ์,1,ชาติไทย,12545
กรุงเทพมหานคร,34,นายโสภณ ขวัญบัว,4,ประชาธิปัตย์,34779
กรุงเทพมหานคร,34,นายสุวัฒน์ วรรณศิริกุล,9,ไทยรักไทย,51273
กรุงเทพมหานคร,34,นายสวัสดิ์ บุญรัตน์,11,มหาชน,1526
กรุงเทพมหานคร,35,นางจุลี เจิดเจริญดี,1,ชาติไทย,3875
กรุงเทพมหานคร,35,นายสวัสดิ์ จำปาศรี,4,ประชาธิปัตย์,31343
กรุงเทพมหานคร,35,นายสากล ม่วงศิริ,9,ไทยรักไทย,72368
กรุงเทพมหานคร,35,นายสนั่น สุขเกษม,11,มหาชน,728
กรุงเทพมหานคร,36,นายนุจรี ศิริสิงห์,1,ชาติไทย,3554
กรุงเทพมหานคร,36,นายโกวิทย์ ธารณา,4,ประชาธิปัตย์,30028
กรุงเทพมหานคร,36,นายสุธา ชันแสง,9,ไทยรักไทย,42424
กรุงเทพมหานคร,36,นายอุฤทธิ์ บุนนาค,11,มหาชน,768
กรุงเทพมหานคร,37,นายอนุชิต พูนสิทธิโชค,1,ชาติไทย,4433
กรุงเทพมหานคร,37,นายวัชระ เพชรทอง,4,ประชาธิปัตย์,42523
กรุงเทพมหานคร,37,นายแสวง ฤกษ์จรัล,9,ไทยรักไทย,68529
กรุงเทพมหานคร,37,นายพรชัย เพชรชู,11,มหาชน,1243
กระบี่,1,นายอาคม เอ่งฉ้วน,4,ประชาธิปัตย์,63783
กระบี่,1,นายสฤษฎ์พงษ์ เกี่ยวข้อง,9,ไทยรักไทย,30581
กระบี่,1,นายอริษฎร์ จิรเดชตระกูล,11,มหาชน,3177
กระบี่,2,นายพิเชษฐ พันธุ์วิชาติกุล,4,ประชาธิปัตย์,67022
กระบี่,2,นายดำรงค์ กิตติธรกุล,9,ไทยรักไทย,32594
กาญจนบุรี,1,นายวิมล พนมศักดิ์,1,ชาติไทย,4844
กาญจนบุรี,1,นายสุเมศ โพธิพิพิธ,4,ประชาธิปัตย์,22271
กาญจนบุรี,1,นายสมชาย วิษณุวงศ์,9,ไทยรักไทย,36509
กาญจนบุรี,1,นายวสันต์ ภูษิตกาญจนา,11,มหาชน,10516
กาญจนบุรี,2,นายสมาน เลื่อนเครือ,1,ชาติไทย,5237
กาญจนบุรี,2,นายพินิจ โพธิพิพิธ,4,ประชาธิปัตย์,24420
กาญจนบุรี,2,นายสันทัด จีนาภักดิ์,9,ไทยรักไทย,48066
กาญจนบุรี,2,นางอรัญญา คณากรณ์,11,มหาชน,2491
กาญจนบุรี,3,นายปารเมศ โพธารากุล,4,ประชาธิปัตย์,45635
กาญจนบุรี,3,นายเรวัต สิรินุกุล,9,ไทยรักไทย,33776
กาญจนบุรี,4,นายสุชาติ นวกวงษ์,1,ชาติไทย,4700
กาญจนบุรี,4,นายสุรัตน์ ยุทธโยธิน,4,ประชาธิปัตย์,4089
กาญจนบุรี,4,นายไพบูลย์ พิมพ์พิสิฐถาวร,9,ไทยรักไทย,53471
กาญจนบุรี,4,นายอนุกูล แพรไพศาล,11,มหาชน,12559
กาญจนบุรี,5,นายประชา โพธิพิพิธ,4,ประชาธิปัตย์,24293
กาญจนบุรี,5,นายมะ โพธิ์งาม,9,ไทยรักไทย,34229
กาฬสินธุ์,1,นายวิรัช พิมพะนิตย์,1,ชาติไทย,27072
กาฬสินธุ์,1,นายวรุจน์ มูลศรี,4,ประชาธิปัตย์,2533
กาฬสินธุ์,1,นายวรวัฒน์ รุ่งรัตนกสิน,5,ประชาชนไทย,125
กาฬสินธุ์,1,นายณัฐพล สุวรรณชาติ,6,คนขอปลดหนี้,670
กาฬสินธุ์,1,นางบุญรื่น ศรีธเรศ,9,ไทยรักไทย,42093
กาฬสินธุ์,1,นายกิติชัย วินมูล,10,ความหวังใหม่,439
กาฬสินธุ์,1,นายชัชวาล เชิญตระกูล,11,มหาชน,6352
กาฬสินธุ์,2,นายเกรียงไกร ภูมิเหล่าแจ้ง,1,ชาติไทย,30211
กาฬสินธุ์,2,นายอรดี สุทธศรี,9,ไทยรักไทย,49102
กาฬสินธุ์,2,นายถนอม ภูตีกา,10,ความหวังใหม่,379
กาฬสินธุ์,2,นายภูมินทร์ ภูสุจริต,18,รักษ์ถิ่นไทย,94
กาฬสินธุ์,3,นายกมล จรูญเพ็ญ,1,ชาติไทย,746
กาฬสินธุ์,3,นายจำลอง ภูนวนทา,4,ประชาธิปัตย์,22023
กาฬสินธุ์,3,นายแปลก สุวรรณชาติ,6,คนขอปลดหนี้,3454
กาฬสินธุ์,3,นายวิทยา ภูมิเหล่าแจ้ง,9,ไทยรักไทย,35536
กาฬสินธุ์,3,นายทศพร บุญเรือง,10,ความหวังใหม่,2612
กาฬสินธุ์,3,นายบวร ภูจริต,11,มหาชน,10079
กาฬสินธุ์,4,นายธีระชัย แสนภูวา,1,ชาติไทย,20554
กาฬสินธุ์,4,นายธีระพงษ์ วงศ์พรหมเมฆ,4,ประชาธิปัตย์,1359
กาฬสินธุ์,4,นายชอบเรียน วงศ์ศิริ,5,ประชาชนไทย,574
กาฬสินธุ์,4,นายเสกสิทธิ์ มาตชะลา,6,คนขอปลดหนี้,2882
กาฬสินธุ์,4,นายเคน สุภารีย์,8,แผ่นดินไทย,858
กาฬสินธุ์,4,นายพีระเพชร ศิริกุล,9,ไทยรักไทย,37371
กาฬสินธุ์,4,นายอภิเดช ไทยแท้,10,ความหวังใหม่,4116
กาฬสินธุ์,4,นายสำราญ ญาณกาย,11,มหาชน,7927
กาฬสินธุ์,5,นายเดชชัย เฉิดรัศมี,1,ชาติไทย,1227
กาฬสินธุ์,5,นายพนมพร เขตอนันต์,4,ประชาธิปัตย์,4040
กาฬสินธุ์,5,นายณัฐวุฒิ ไตรทิพย์,5,ประชาชนไทย,285
กาฬสินธุ์,5,นายวิเชียร พลเยี่ยม,6,คนขอปลดหนี้,785
กาฬสินธุ์,5,นายภัทรา วรามิตร,9,ไทยรักไทย,62254
กาฬสินธุ์,5,นายสิทธิศักดิ์ พัฒนชัย,10,ความหวังใหม่,1123
กาฬสินธุ์,5,นายภาณุพันธ์ เชาว์น้อย,11,มหาชน,7014
กาฬสินธุ์,5,นายสุระชัย ไชยทองศรี,18,รักษ์ถิ่นไทย,555
กาฬสินธุ์,6,นางจิตตา ณ กาฬสินธุ์,1,ชาติไทย,21031
กาฬสินธุ์,6,นายอารยะ นางาม,4,ประชาธิปัตย์,810
กาฬสินธุ์,6,นายปิยะ ปิ่นดำรง,6,คนขอปลดหนี้,1687
กาฬสินธุ์,6,นายประเสริฐ บุญเรือง,9,ไทยรักไทย,42838
กาฬสินธุ์,6,นายสุวัฒน์ สกุลโพน,10,ความหวังใหม่,5080
กาฬสินธุ์,6,นายแม้ว ไชยทองศรี,11,มหาชน,3208
กำแพงเพชร,1,นายปรีชา มุสิกุล,4,ประชาธิปัตย์,23600
กำแพงเพชร,1,นายเดชา ยามา,5,ประชาชนไทย,329
กำแพงเพชร,1,นายเรืองวิทย์ ลิกค์,9,ไทยรักไทย,40439
กำแพงเพชร,2,นายจำเนียร เภรีวงษ์,1,ชาติไทย,1343
กำแพงเพชร,2,นายสุขวิชชาญ มุสิกุล,4,ประชาธิปัตย์,28205
กำแพงเพชร,2,นายวิเศษ นาโตนด,5,ประชาชนไทย,561
กำแพงเพชร,2,นายคนึง ไทยประสิทธิ์,9,ไทยรักไทย,39819
กำแพงเพชร,3,นายสำราญ ศรีแปงวงศ์,4,ประชาธิปัตย์,16329
กำแพงเพชร,3,นายแสงอรุณ วิพัฒโสภาภรณ์,5,ประชาชนไทย,382
กำแพงเพชร,3,นายไวพจน์ อาภรณ์รัตน์,9,ไทยรักไทย,43687
กำแพงเพชร,3,นายธานี สุโชดายน,11,มหาชน,3350
กำแพงเพชร,4,นายมีชัย พันธุวร,1,ชาติไทย,958
กำแพงเพชร,4,นายณรงค์ อยู่ปาน,4,ประชาธิปัตย์,19911
กำแพงเพชร,4,นายศิวดล แว่นทอง,5,ประชาชนไทย,150
กำแพงเพชร,4,นายรำพัน บัวผัน,6,คนขอปลดหนี้,376
กำแพงเพชร,4,นายสนั่น สบายเมือง,9,ไทยรักไทย,40037
กำแพงเพชร,5,นายณัฐกานต์ เสมเพียร,4,ประชาธิปัตย์,17959
กำแพงเพชร,5,นายอนันต์ยศ นิลโชติ,5,ประชาชนไทย,509
กำแพงเพชร,5,นายถวิล ฤกษ์หร่าย,9,ไทยรักไทย,48607
ขอนแก่น,1,นายประวัติ วิเชฏฐพงษ์,4,ประชาธิปัตย์,9515
ขอนแก่น,1,นายจักริน พัฒน์ดำรงจิตร,9,ไทยรักไทย,49360
ขอนแก่น,1,นางจุฑามาศ ธาตุดี,10,ความหวังใหม่,1006
ขอนแก่น,1,นายอัษฎางค์ แสวงการ,11,มหาชน,12078
ขอนแก่น,1,นายสมพร ทีภูเวียง,15,ชาติประชาธิปไตย,337
ขอนแก่น,2,นายวีระ พลรักษา,1,ชาติไทย,1423
ขอนแก่น,2,นายสุนทร ลีซีทวน,4,ประชาธิปัตย์,9958
ขอนแก่น,2,นางนาตยา ราชแสนเมือง,5,ประชาชนไทย,348
ขอนแก่น,2,นายอนุสรณ์ หวายสันเทียะ,6,คนขอปลดหนี้,770
ขอนแก่น,2,นายพรพิมล มูลสาร,8,แผ่นดินไทย,677
ขอนแก่น,2,นายประจักษ์ แกล้วกล้าหาญ,9,ไทยรักไทย,74042
ขอนแก่น,2,นายเกริกฤทธิ แจ้งพรมมา,10,ความหวังใหม่,1569
ขอนแก่น,2,นายบุญคง ดวงจันคำ,11,มหาชน,6900
ขอนแก่น,2,นายสมคิด สุขเจริญ,13,ไทยช่วยไทย,85
ขอนแก่น,2,นายวสันต์ ชูชัย,15,ชาติประชาธิปไตย,165
ขอนแก่น,2,นายชิน เต็งเจริญกุล,18,รักษ์ถิ่นไทย,711
ขอนแก่น,3,นายวิษณุ ศักดาสกุลคุณากร,1,ชาติไทย,607
ขอนแก่น,3,นายอรรถพล ชัยนันท์สมิตย์,2,กิจสังคม,22056
ขอนแก่น,3,นายไชยยงค์ สืบสารคาม,4,ประชาธิปัตย์,5529
ขอนแก่น,3,นายประดิษฐ์ โนนว่านไฟ,5,ประชาชนไทย,95
ขอนแก่น,3,นายจตุพร เจริญเชื้อ,9,ไทยรักไทย,49406
ขอนแก่น,3,นายรุ่งโรจน์ พลเสนา,10,ความหวังใหม่,155
ขอนแก่น,3,นายณรงค์เลิศ สุรพล,11,มหาชน,2060
ขอนแก่น,3,นายสุพรรณ พิจารโชติ,12,ประชากรไทย,123
ขอนแก่น,3,นายสัตยา ดลตรี,13,ไทยช่วยไทย,36
ขอนแก่น,3,นายบุญรวม พิมหานาม,15,ชาติประชาธิปไตย,119
ขอนแก่น,3,นายประสิทธิ์ จันทสาร,21,เกษตรกรไทย,207
ขอนแก่น,4,นายนิคม ศรีเงิน,4,ประชาธิปัตย์,4688
ขอนแก่น,4,นางมุกดา พงษ์สมบัติ,9,ไทยรักไทย,57273
ขอนแก่น,4,นายปัญญา ศรีปัญญา,11,มหาชน,10741
ขอนแก่น,4,นายประยงค์ อันไขหน้า,15,ชาติประชาธิปไตย,1156
ขอนแก่น,5,นายอุดมศักดิ์ มาสีพิทักษ์,1,ชาติไทย,30166
ขอนแก่น,5,นายสมชาย สัตยาภรณ์,4,ประชาธิปัตย์,1658
ขอนแก่น,5,นายดวงใจ สีวันนู,5,ประชาชนไทย,79
ขอนแก่น,5,นายนาคิน คำศรี,6,คนขอปลดหนี้,388
ขอนแก่น,5,นายภูมิ สาระผล,9,ไทยรักไทย,40673
ขอนแก่น,5,นายกนกวรรณ เบ้าจรรยา,10,ความหวังใหม่,823
ขอนแก่น,5,นายสมยงค์ แก้วสุพรรณ,11,มหาชน,4222
ขอนแก่น,5,นาย ณ ตะวัน พรหมทา,15,ชาติประชาธิปไตย,136
ขอนแก่น,6,นายอุดร ศรีบุญเรือง,1,ชาติไทย,663
ขอนแก่น,6,นายสุริโย ประสาทบัณฑิตย์,4,ประชาธิปัตย์,2608
ขอนแก่น,6,นายทองคำ ถนอมผล,5,ประชาชนไทย,270
ขอนแก่น,6,นายธนายุทธ บุดดาเวียง,6,คนขอปลดหนี้,1137
ขอนแก่น,6,นายสมศักดิ์ เกียรติสุรนนท์,9,ไทยรักไทย,46959
ขอนแก่น,6,นายสุเทพ ดีบุญมี ณ ชุมแพ,11,มหาชน,19886
ขอนแก่น,7,นายเตือน สายบัวทอง,1,ชาติไทย,7626
ขอนแก่น,7,นายนาถ พรหมา,4,ประชาธิปัตย์,699
ขอนแก่น,7,นายอิทธิ สีวันนู,5,ประชาชนไทย,56
ขอนแก่น,7,นายสุชาย ศรีสุรพล,9,ไทยรักไทย,42514
ขอนแก่น,7,นายวุฒิพงษ์ ศุภรมย์,10,ความหวังใหม่,397
ขอนแก่น,7,นางศรีนวล ศรีตรัย,11,มหาชน,17429
ขอนแก่น,7,นายวีระศักดิ์ พฤกษเทเวศ,15,ชาติประชาธิปไตย,246
ขอนแก่น,8,นายวิชัย ราชานนท์,1,ชาติไทย,7717
ขอนแก่น,8,นายสุพจน์ ทองเนื้อขาว,4,ประชาธิปัตย์,687
ขอนแก่น,8,นายสมศักดิ์ คุณเงิน,9,ไทยรักไทย,52701
ขอนแก่น,8,นายประสิทธิ์ เตาะเจริญสุข,11,มหาชน,13799
ขอนแก่น,9,นายศุภสิทธิ์ เตชะตานนท์,1,ชาติไทย,16630
ขอนแก่น,9,นายปีติชา ทุมเทียง,4,ประชาธิปัตย์,1474
ขอนแก่น,9,นายธราวุฒิ เคนคำภา,5,ประชาชนไทย,203
ขอนแก่น,9,นายอรรถสิทธิ์ กาญจนสินิทธิ์,9,ไทยรักไทย,44107
ขอนแก่น,9,นายเลอพงศ์ ลิ้มรัตน์,10,ความหวังใหม่,4659
ขอนแก่น,9,นายกิตติโชติ เตรียมเวชวุฒิไกร,11,มหาชน,4208
ขอนแก่น,10,นายปัญญา วงษ์กันหา,1,ชาติไทย,9038
ขอนแก่น,10,นายสุเมธ เลียงชัยศิริ,4,ประชาธิปัตย์,1726
ขอนแก่น,10,นายสหชาติ สุดสะอาด,5,ประชาชนไทย,956
ขอนแก่น,10,นายพงศกร อรรณนพพร,9,ไทยรักไทย,53920
ขอนแก่น,10,นายอำนาจ ชนะวงศ์,11,มหาชน,3232
ขอนแก่น,11,นายสัมฤทธิ์ เชื้อสาวถี,1,ชาติไทย,794
ขอนแก่น,11,นายธรรมรส สุวรรณวงศ์,4,ประชาธิปัตย์,895
ขอนแก่น,11,นายวิรัตน์ ทุมหนู,5,ประชาชนไทย,51
ขอนแก่น,11,นายเรืองเดช สุพรรณฝ่าย,9,ไทยรักไทย,51385
ขอนแก่น,11,นายอภิชาติ สิงคลีบุตร,10,ความหวังใหม่,10677
ขอนแก่น,11,นายศิริพงษ์ อรุณเดชาชัย,11,มหาชน,10022
จันทบุรี,1,นายธวัชชัย อนามพงษ์,1,ชาติไทย,33119
จันทบุรี,1,นายพิสิษฐ์ ศรีประสม,4,ประชาธิปัตย์,9072
จันทบุรี,1,นายกล้าณรงค์ พงษ์เจริญ,9,ไทยรักไทย,39350
จันทบุรี,1,นายเจษฎา บัณฑูรรังษี,11,มหาชน,937
จันทบุรี,2,นางคมคาย พลบุตร,1,ชาติไทย,23552
จันทบุรี,2,นายสงกรานต์ บุญหยง,4,ประชาธิปัตย์,11970
จันทบุรี,2,นายพยุง ตรงสวัสดิ์,9,ไทยรักไทย,36821
จันทบุรี,2,นายยุคล ชนะวัฒน์ปัญญา,11,มหาชน,19183
จันทบุรี,3,นายแสนคม อนามพงษ์,1,ชาติไทย,15998
จันทบุรี,3,นายชยันต์ เนรัญชร,4,ประชาธิปัตย์,21146
จันทบุรี,3,นายพงศ์เวช เวชชาชีวะ,9,ไทยรักไทย,50893
จันทบุรี,3,นายสมโพธน์ ถนอมจิต,10,ความหวังใหม่,462
จันทบุรี,3,นายรชตะ สาสะเน,11,มหาชน,2386
ฉะเชิงเทรา,1,นายสัมพันธ์ ไตรติลานันท์,1,ชาติไทย,2886
ฉะเชิงเทรา,1,นายพชรเกรียงชัย สิงหนาท,4,ประชาธิปัตย์,24898
ฉะเชิงเทรา,1,นางฐิติมา ฉายแสง,9,ไทยรักไทย,51726
ฉะเชิงเทรา,2,นายชาลี เจริญสุข,4,ประชาธิปัตย์,19587
ฉะเชิงเทรา,2,นายสมชัย อัศวชัยโสภณ,9,ไทยรักไทย,50410
ฉะเชิงเทรา,2,นายชัยสิทธิ์ พูลสมบัติ,11,มหาชน,10777
ฉะเชิงเทรา,3,นายนิรมล งามทรัพย์มณี,1,ชาติไทย,3986
ฉะเชิงเทรา,3,นายพงษ์ศักดิ์ เข็มทอง,4,ประชาธิปัตย์,10236
ฉะเชิงเทรา,3,นายสุชาติ ตันเจริญ,9,ไทยรักไทย,61571
ฉะเชิงเทรา,4,นายจักรวาล ท้วมเจริญ,4,ประชาธิปัตย์,30439
ฉะเชิงเทรา,4,นายวุฒิพงศ์ ฉายแสง,9,ไทยรักไทย,52671
ชลบุรี,1,นายเกษม เหลืองอ่อน,1,ชาติไทย,5235
ชลบุรี,1,นายสรัลชา ศรีชลวัฒนา,4,ประชาธิปัตย์,25105
ชลบุรี,1,นายสง่า ธนสงวนวงศ์,9,ไทยรักไทย,52900
ชลบุรี,2,นายสรายุทธ วงษ์แสงทอง,1,ชาติไทย,7140
ชลบุรี,2,นายศักดา นพสิทธิ์,4,ประชาธิปัตย์,26899
ชลบุรี,2,นายอัมรินทร์ ตั้งประกอบ,9,ไทยรักไทย,40203
ชลบุรี,3,นายประมวล เอมเปีย,4,ประชาธิปัตย์,38755
ชลบุรี,3,นายวิทยา คุณปลื้ม,9,ไทยรักไทย,40849
ชลบุรี,4,นายอภินันท์ อมรินทร์,1,ชาติไทย,2076
ชลบุรี,4,นายไชยเฉลิม พิทักษ์ผลิน,4,ประชาธิปัตย์,25092
ชลบุรี,4,นายสุรสิทธิ์ นิติวุฒิวรรักษ์,9,ไทยรักไทย,46068
ชลบุรี,5,นายศรายุทธ โรจนอานนท์,4,ประชาธิปัตย์,16175
ชลบุรี,5,นายอิทธิพล คุณปลื้ม,9,ไทยรักไทย,57751
ชลบุรี,6,นายวิเชียร ตั้งธรรมสถิตย์,1,ชาติไทย,6834
ชลบุรี,6,นายสุไอนี เพียรดี,4,ประชาธิปัตย์,19482
ชลบุรี,6,นายชาญยุทธ เฮงตระกูล,9,ไทยรักไทย,62224
ชลบุรี,6,นายสมชาย ศรีสุนทรโวหาร,10,ความหวังใหม่,430
ชลบุรี,7,นายสามารถ จารุรักษา,1,ชาติไทย,2815
ชลบุรี,7,นายอกนิษฐ์ หมื่นศรี,4,ประชาธิปัตย์,12312
ชลบุรี,7,นายธนาธิป ไกรคุ้ม,5,ประชาชนไทย,680
ชลบุรี,7,นายชัย สุวรรณภาพ,7,ธรรมชาติไทย,1404
ชลบุรี,7,นายโรช วิภัติภูมิประเทศ,9,ไทยรักไทย,43370
ชลบุรี,7,นายสุรพล จันทร์แดง,11,มหาชน,11232
ชัยนาท,1,นายเด็ดดวงดอกรัก คุ้มชนะ,1,ชาติไทย,16826
ชัยนาท,1,นายชาติวัฒน์ ชาติกรกุล,4,ประชาธิปัตย์,8424
ชัยนาท,1,นางวันทนี หิรัญปาน,5,ประชาชนไทย,726
ชัยนาท,1,นายอนุชา นาคาศัย,9,ไทยรักไทย,53385
ชัยนาท,1,นายพรหมมินทร์ สีตบุตร,11,มหาชน,8742
ชัยนาท,2,นายมณเฑียร สงฆ์ประชา,1,ชาติไทย,42837
ชัยนาท,2,นางศรัณย์ภรณ์ ทาสิงห์ทอง,5,ประชาชนไทย,181
ชัยนาท,2,นายชัยวัฒน์ ทรัพย์รวงทอง,9,ไทยรักไทย,46157
ชัยนาท,2,นายเฉลิม สุขคะสมบัติ,11,มหาชน,2449
ชัยภูมิ,1,นายบัณฑูรย์ เกียรติก้องชูชัย,1,ชาติไทย,29116
ชัยภูมิ,1,นายนฤทธิ์ ปิงเมือง,4,ประชาธิปัตย์,1870
ชัยภูมิ,1,นายประสิทธิ์ ชัยวิรัตนะ,9,ไทยรักไทย,42307
ชัยภูมิ,1,นายสำฤทธิ์ เล็งวิทยา,11,มหาชน,2670
ชัยภูมิ,2,นายภูมิจิตร พลธรรม,4,ประชาธิปัตย์,678
ชัยภูมิ,2,นายชวลิต มหาจันทร์,9,ไทยรักไทย,39822
ชัยภูมิ,2,นายมานะ โลหะวณิชย์,11,มหาชน,28771
ชัยภูมิ,3,นายปัญญา ชัยรัตนพาณิชย์,1,ชาติไทย,19222
ชัยภูมิ,3,นายประดิษฐ์ ยั้งระหัด,4,ประชาธิปัตย์,1682
ชัยภูมิ,3,นายก่ำชุง ประภากรแก้วรัตน์,9,ไทยรักไทย,55918
ชัยภูมิ,4,นายคชา จำปาทอง,4,ประชาธิปัตย์,6527
ชัยภูมิ,4,นายวุฒิชัย สงวนวงศ์ชัย,9,ไทยรักไทย,63017
ชัยภูมิ,5,นายสมาน อินเปี้ย,1,ชาติไทย,24026
ชัยภูมิ,5,นางพุทธามาศ อินทรารักษ์,4,ประชาธิปัตย์,2497
ชัยภูมิ,5,นายศรคม ฦาชา,9,ไทยรักไทย,33678
ชัยภูมิ,5,นายชัยชาญ จรรย์โกมล,11,มหาชน,14454
ชัยภูมิ,6,นายวัฒนา แก้วศิริ,1,ชาติไทย,10975
ชัยภูมิ,6,นายชุมพล สังข์ทอง,4,ประชาธิปัตย์,493
ชัยภูมิ,6,นายบังอร ประจวบมอญ,5,ประชาชนไทย,113
ชัยภูมิ,6,นายเจริญ จรรย์โกมล,9,ไทยรักไทย,39834
ชัยภูมิ,6,นายเชวงศักดิ์ เร่งไพบูลย์วงษ์,11,มหาชน,25583
ชัยภูมิ,7,นายวสิษฐ โลห์วีระ,1,ชาติไทย,1014
ชัยภูมิ,7,นายดวงจันทร์ พื้นดอนเค็ง,4,ประชาธิปัตย์,979
ชัยภูมิ,7,นายสุรวิทย์ คนสมบูรณ์,9,ไทยรักไทย,60774
ชัยภูมิ,7,นายอภิสิทธิ์ เวียนวิเศษ,11,มหาชน,12090
ชุมพร,1,นายสุชาติ แก้วนาโพธิ์,1,ชาติไทย,1411
ชุมพร,1,นายศิริศักดิ์ อ่อนละมัย,4,ประชาธิปัตย์,44370
ชุมพร,1,นายธวัช บุรินทร์วัฒนา,9,ไทยรักไทย,34151
ชุมพร,2,นายสุวโรช พะลัง,4,ประชาธิปัตย์,64789
ชุมพร,2,นายสมชาย คุณวุฒิ,9,ไทยรักไทย,15716
ชุมพร,2,นายชาญชัย ชุมเกษียร,11,มหาชน,7035
ชุมพร,2,นายอิษฎา น้อยขาว,15,ชาติประชาธิปไตย,1286
ชุมพร,3,นายจัตุรนต์ คชสีห์,1,ชาติไทย,5373
ชุมพร,3,นายธีระชาติ ปางวิรุฬห์รักษ์,4,ประชาธิปัตย์,63036
ชุมพร,3,นายเฉลิมชัย นิยมไท,9,ไทยรักไทย,18002
เชียงราย,1,นายดวงแก้ว คารินทา,4,ประชาธิปัตย์,3893
เชียงราย,1,นายอติชาติ ศรีประจันทร์,5,ประชาชนไทย,332
เชียงราย,1,นายสามารถ แก้วมีชัย,9,ไทยรักไทย,53947
เชียงราย,1,นายนุกูล วินิจวลัย,11,มหาชน,13896
เชียงราย,2,นายฉัฐวัสส์ มุตตามระ,1,ชาติไทย,8208
เชียงราย,2,นายสุนทร สิทธิยศ,4,ประชาธิปัตย์,1723
เชียงราย,2,นายขันตี ศรีวิสรณ์,6,คนขอปลดหนี้,562
เชียงราย,2,นายสฤษฎ์ อึ้งอภินันท์,9,ไทยรักไทย,62264
เชียงราย,2,นายศาส์นชัย วงค์คำลือ,10,ความหวังใหม่,585
เชียงราย,2,นายวินัย ชัยดรุณ,11,มหาชน,7957
เชียงราย,3,นายกิติพงษ์ นามวงค์,4,ประชาธิปัตย์,6987
เชียงราย,3,นายสุรสิทธิ์ เจียมวิจักษณ์,9,ไทยรักไทย,49012
เชียงราย,3,นายสมเกียรติ เจิมศักดิ์,11,มหาชน,12336
เชียงราย,4,นายธีรพงษ์ เผ่ากา,1,ชาติไทย,22423
เชียงราย,4,นายวิสาร เตชะธีราวัฒน์,9,ไทยรักไทย,36602
เชียงราย,4,นายชำนาญ หาญแก้ว,11,มหาชน,14566
เชียงราย,5,นายดำเนิน วงศ์วุฒิ,1,ชาติไทย,1492
เชียงราย,5,นายเพิ่มวิจักษ์ โสดาวัตร,4,ประชาธิปัตย์,544
เชียงราย,5,นายตันติกร บุญสุระ,6,คนขอปลดหนี้,2789
เชียงราย,5,นายสมบูรณ์ วันไชยธนวงศ์,9,ไทยรักไทย,38592
เชียงราย,5,นายอินทิรา นาทองบ่อ,11,มหาชน,29422
เชียงราย,6,นายนิกร จันทร์หอม,1,ชาติไทย,1649
เชียงราย,6,นายละออง ติยะไพรัช,9,ไทยรักไทย,38367
เชียงราย,6,นายประสาธน์ รินนายรักษ์,11,มหาชน,4626
เชียงราย,7,นายวิทย์วัส โพธสุธน,1,ชาติไทย,20248
เชียงราย,7,นายสุจินต์ เดชกุล,4,ประชาธิปัตย์,1568
เชียงราย,7,นายอิทธิเดช แก้วหลวง,9,ไทยรักไทย,35975
เชียงราย,7,นายสุรพงษ์ เจริญชัย,11,มหาชน,1942
เชียงราย,8,นายประเสริฐ บุญแก้ว,4,ประชาธิปัตย์,2021
เชียงราย,8,นายกำพล จาววัฒนาสกุล,6,คนขอปลดหนี้,1255
เชียงราย,8,นายบัวสอน ประชามอญ,9,ไทยรักไทย,50309
เชียงราย,8,นายบุญใส คมศักดิ์สถาพร,10,ความหวังใหม่,778
เชียงราย,8,นายชัยศิษย์ แกล้วกล้า,11,มหาชน,10459
เชียงใหม่,1,นายเดือนเต็มดวง ณเชียงใหม่,4,ประชาธิปัตย์,35611
เชียงใหม่,1,นายสันติภพ สุวรรณเสรี,5,ประชาชนไทย,149
เชียงใหม่,1,นายปกรณ์ บูรณุปกรณ์,9,ไทยรักไทย,46312
เชียงใหม่,1,นายสัญญา ศุกระศร,18,รักษ์ถิ่นไทย,205
เชียงใหม่,2,นายจักรวาล วรรณาวงค์,4,ประชาธิปัตย์,23486
เชียงใหม่,2,นายอุดม สังธรรม,6,คนขอปลดหนี้,1359
เชียงใหม่,2,นายพายัพ ชินวัตร,9,ไทยรักไทย,64458
เชียงใหม่,2,นายชาญชัย รัตนาภรณ์นุกุล,10,ความหวังใหม่,426
เชียงใหม่,2,นายสมศักดิ์ บุญตระกูลพูนทวี,15,ชาติประชาธิปไตย,632
เชียงใหม่,3,นางบุศรา โพธิสุข,1,ชาติไทย,2696
เชียงใหม่,3,นายอุดม วรวัลย์,4,ประชาธิปัตย์,27573
เชียงใหม่,3,นายเทิดศักติ์ ฉัตรคำ,5,ประชาชนไทย,179
เชียงใหม่,3,นางวชิราภรณ์ รัตนบุรี,6,คนขอปลดหนี้,697
เชียงใหม่,3,นายบุญทรง เตริยาภิรมย์,9,ไทยรักไทย,53838
เชียงใหม่,3,นายสวัสดิ์ วงศ์วัจนสุนทร,11,มหาชน,2411
เชียงใหม่,4,นางกิ่งกาญจน์ ณ เชียงใหม่,4,ประชาธิปัตย์,38079
เชียงใหม่,4,นายวิทยา ทรงคำ,9,ไทยรักไทย,55747
เชียงใหม่,4,นางเกรียงไกร พานอ่อง,11,มหาชน,1468
เชียงใหม่,5,นายพงศ์ประยูร ราชอาภัย,4,ประชาธิปัตย์,26889
เชียงใหม่,5,นายพรชัย อรรถปรียางกูร,9,ไทยรักไทย,69824
เชียงใหม่,5,นายเกรียงกมล ศรีมา,10,ความหวังใหม่,1007
เชียงใหม่,5,นายบรรจง ตริโย,11,มหาชน,2445
เชียงใหม่,6,นายศิลปชัย ค้ำชู,4,ประชาธิปัตย์,7940
เชียงใหม่,6,นายพุทธินันท์ คุณธิ,5,ประชาชนไทย,151
เชียงใหม่,6,นายนพคุณ รัฐไผท,9,ไทยรักไทย,70670
เชียงใหม่,6,นายบุญช่วย ภู่จีนาพันธุ์,11,มหาชน,17572
เชียงใหม่,7,นายสมชาย ตั้งสัตยาบัน,1,ชาติไทย,920
เชียงใหม่,7,นายเสน่ห์ สุรินทร์,4,ประชาธิปัตย์,2824
เชียงใหม่,7,นายสุรพล เกียรติไชยากร,9,ไทยรักไทย,47865
เชียงใหม่,7,นายณรงค์ ภู่อิทธิวงศ์,11,มหาชน,35744
เชียงใหม่,7,นายพรชัย พรประทีปกุล,15,ชาติประชาธิปไตย,714
เชียงใหม่,8,นายชัยเชียร สมพรโชคชัย,1,ชาติไทย,5955
เชียงใหม่,8,นายศุภชัย นิมมานเหมินทร์,4,ประชาธิปัตย์,5303
เชียงใหม่,8,นายพัฒนะ มงคลพันธ์,5,ประชาชนไทย,353
เชียงใหม่,8,นายปฐม หล้าพระบาง,6,คนขอปลดหนี้,7256
เชียงใหม่,8,นางผณินทรา ภัคเกษม,9,ไทยรักไทย,41088
เชียงใหม่,8,นายนรพล ตันติมนตรี,11,มหาชน,11479
เชียงใหม่,9,นายยงยุทธ สุวภาพ,4,ประชาธิปัตย์,18655
เชียงใหม่,9,นายสุศักดิ์ ดาวเงิน,6,คนขอปลดหนี้,2581
เชียงใหม่,9,นายจุลพันธ์ อมรวิวัฒน์,9,ไทยรักไทย,37840
เชียงใหม่,9,นายธรทัศน์ กันธรส,10,ความหวังใหม่,207
เชียงใหม่,9,นายชวลิต ตามรักษา,11,มหาชน,732
เชียงใหม่,10,นายประสิทธ์ วุฒินันชัย,4,ประชาธิปัตย์,29874
เชียงใหม่,10,นายพิตร เอกอมร,5,ประชาชนไทย,253
เชียงใหม่,10,นายพารักษ์ เขื่อนเพชร,6,คนขอปลดหนี้,1578
เชียงใหม่,10,นายสันติ ตันสุหัช,9,ไทยรักไทย,36800
ตรัง,1,นายสุวรรณ กู้สุจริต,4,ประชาธิปัตย์,60121
ตรัง,1,นายไกรสิน โตทับเที่ยง,9,ไทยรักไทย,18430
ตรัง,2,นายสาทิตย์ วงศ์หนองเตย,4,ประชาธิปัตย์,61035
ตรัง,2,นายธวัช สุระบาล,9,ไทยรักไทย,20267
ตรัง,3,นายสมชาย โล่สถาพรพิพิธ,4,ประชาธิปัตย์,63366
ตรัง,3,นายศุภชัย ใจสมุทร,9,ไทยรักไทย,12549
ตรัง,4,นายสมคิด สังขมณี,1,ชาติไทย,2396
ตรัง,4,นายสมบูรณ์ อุทัยเวียนกุล,4,ประชาธิปัตย์,59752
ตรัง,4,นายพีรพนธ์ ลังเมือง,9,ไทยรักไทย,16421
ตรัง,4,นายรัตนศักดิ์ นันตสินธุ์,10,ความหวังใหม่,1636
ตราด,1,นายวันชัย ประสพวิริยะ,1,ชาติไทย,921
ตราด,1,นายธีระ สลักเพชร,4,ประชาธิปัตย์,55731
ตราด,1,นายสิงหา สง่าศิลป์,9,ไทยรักไทย,47491
ตราด,1,นายวีระชัย จูห้อง,11,มหาชน,994
ตาก,1,นายดิเรก จิโน,4,ประชาธิปัตย์,32914
ตาก,1,นายวิรัติ เบื้ยแก้ว,6,คนขอปลดหนี้,2714
ตาก,1,นายธนัสถ์ ทวีเกื้อกูลกิจ,9,ไทยรักไทย,40588
ตาก,2,นายชัยวุฒิ บรรณวัฒน์,4,ประชาธิปัตย์,40374
ตาก,2,นายชำนาญ สันติพนารักษ์,9,ไทยรักไทย,25062
ตาก,3,นายทิพย์ ฤาชัยตระกูล,1,ชาติไทย,4935
ตาก,3,นายธนิตพล ไชยนันทน์,4,ประชาธิปัตย์,24691
ตาก,3,นายอรมรัตน์ เสมรสุต,6,คนขอปลดหนี้,678
ตาก,3,นางสุกัลยา โชคบำรุง,9,ไทยรักไทย,23876
นครนายก,1,นายวิรัตน อิงตระกูล,1,ชาติไทย,2771
นครนายก,1,นายวิกิจ อิสระเสนารักษ์,4,ประชาธิปัตย์,24923
นครนายก,1,นายสิทธิชัย กิตติธเนศวร,9,ไทยรักไทย,37600
นครนายก,2,นายจักรพันธ์ จินตนาพากานนท์,1,ชาติไทย,811
นครนายก,2,นายสำเนา โหนา,4,ประชาธิปัตย์,18503
นครนายก,2,นายอรทัย จันทสิง,5,ประชาชนไทย,456
นครนายก,2,นายวุฒิชัย กิตติธเนศวร,9,ไทยรักไทย,39038
นครนายก,2,นายณรงค์ พรหมเกตุ,11,มหาชน,6385
นครปฐม,1,นายสมพัฒน์ แก้วพิจิตร,1,ชาติไทย,52950
นครปฐม,1,นายสุรยุทธ นิยมทรัพย์,4,ประชาธิปัตย์,5899
นครปฐม,1,นายประสานต์ บุญมี,9,ไทยรักไทย,20935
นครปฐม,2,นายสุรชัย เติมคุณานนท์,1,ชาติไทย,24981
นครปฐม,2,นายถิรายุ นิยมทรัพย์,4,ประชาธิปัตย์,13065
นครปฐม,2,นายชาญชัย ปทุมารักษ์,9,ไทยรักไทย,43780
นครปฐม,3,นายพรศักดิ์ เปี่ยมคล้า,1,ชาติไทย,24171
นครปฐม,3,นายสกลภัทร เหมือนจันทร์เชย,4,ประชาธิปัตย์,5590
นครปฐม,3,นายไชยยศ บุญยะรัตน์,6,คนขอปลดหนี้,332
นครปฐม,3,นายก่อเกียรติ สิริยะเสถียร,9,ไทยรักไทย,49674
นครปฐม,3,นายปิติพงษ์ ไทยโพธิ์ศรี,11,มหาชน,5059
นครปฐม,4,นายปฐมพงศ์ สูญจันทร์,1,ชาติไทย,31180
นครปฐม,4,นายสุเทพ เข้มแข็งปรีชานนท์,4,ประชาธิปัตย์,14541
นครปฐม,4,นายไชยา สะสมทรัพย์,9,ไทยรักไทย,41512
นครปฐม,5,นายชวัส(วีระ) ชื่นกลิ่นธูป,4,ประชาธิปัตย์,38282
นครปฐม,5,นางอารียา สุขกนิษฐ,5,ประชาชนไทย,945
นครปฐม,5,นายเผดิมชัย สะสมทรัพย์,9,ไทยรักไทย,51389
นครพนม,1,นายประเสริฐ พฤกพัฒนาชัย,1,ชาติไทย,412
นครพนม,1,นายสิงหราช สิทธิรัตน์ ณ นครพนม,4,ประชาธิปัตย์,427
นครพนม,1,นายชุมพล ดวงขำ,6,คนขอปลดหนี้,592
นครพนม,1,นายชวลิต วิชยสุทธิ์,9,ไทยรักไทย,33324
นครพนม,1,นายจีระศักดิ์ พูลศิริกุล,11,มหาชน,17002
นครพนม,2,นายสุรจิตร พลโลก,1,ชาติไทย,18450
นครพนม,2,นางรัณญ์ชิดา ปัญญารมย์,4,ประชาธิปัตย์,620
นครพนม,2,นายเกษมศรี บัวเลิง,5,ประชาชนไทย,366
นครพนม,2,นายกรัณฑ์ โกพลรัตน์,6,คนขอปลดหนี้,1153
นครพนม,2,นายไพจิต ศรีวรขาน,9,ไทยรักไทย,38445
นครพนม,2,นายนารายณ์ ไชยมาตย์,10,ความหวังใหม่,734
นครพนม,2,นางเพ็ญพันธุ์ วงศ์มาลาสิทธิ์,11,มหาชน,665
นครพนม,2,นายโยธิน ไชยธงยศ,21,เกษตรกรไทย,77
นครพนม,3,นายณฐพล อนุวรรณ,1,ชาติไทย,11782
นครพนม,3,นายเสกศักดิ์ วัฒนสุขชัย,4,ประชาธิปัตย์,597
นครพนม,3,นายประสงค์ บูรณ์พงศ์,9,ไทยรักไทย,26955
นครพนม,3,นายโกศล เหมพลชม,10,ความหวังใหม่,7879
นครพนม,3,นายวัชรินทร์ เจียวิริยบุญญา,11,มหาชน,8618
นครพนม,4,นายสุมาลี พูลศิริกุล,1,ชาติไทย,22748
นครพนม,4,นายปองปรีดา วันนาพ่อ,3,พัฒนาชาติไทย,176
นครพนม,4,นายศิริรัตน์ สุภา,4,ประชาธิปัตย์,375
นครพนม,4,นางวลัยพร ศรียะวงษ์,5,ประชาชนไทย,426
นครพนม,4,นายเมธ์ ปุ่มเป้า,6,คนขอปลดหนี้,3246
นครพนม,4,นายอรรถสิทธิ์(คันคาย) ทรัพยสิทธิ์,9,ไทยรักไทย,30549
นครพนม,4,นายจีรวัฒน์ ตุลาพัฒน์,11,มหาชน,1859
นครพนม,5,นายภูมินทร์ วรรณวงศ์,1,ชาติไทย,2132
นครพนม,5,นายมานะ รมย์สูงเนิน,4,ประชาธิปัตย์,588
นครพนม,5,นายบุรินทร์ ไชยสุโพธิ์,6,คนขอปลดหนี้,1178
นครพนม,5,นายศุภชัย โพธิ์สุ,9,ไทยรักไทย,50982
นครพนม,5,นายธนภูมิ นันทสุรีย์อารักษ์,10,ความหวังใหม่,503
นครพนม,5,นายสากล พูลศิริกุล,11,มหาชน,7599
นครราชสีมา,1,นายจิดาภา อุไรธรากุล,1,ชาติไทย,3224
นครราชสีมา,1,นายอดิศร เนาวนนท์,4,ประชาธิปัตย์,13460
นครราชสีมา,1,นายเทวัญ ลิปตพัลลภ,9,ไทยรักไทย,45271
นครราชสีมา,1,นายอนุกูล เชิดพุดซา,10,ความหวังใหม่,255
นครราชสีมา,1,นายประพัทธพงศ์ พราหมณี,11,มหาชน,13914
นครราชสีมา,2,นางวสุ วศินชุติวัต,4,ประชาธิปัตย์,8444
นครราชสีมา,2,นายวรรณรัตน์ ชาญนุกูล,9,ไทยรักไทย,70834
นครราชสีมา,2,นายรุ่งโรจน์ วรชมพู,11,มหาชน,10749
นครราชสีมา,3,นายรัชดาพร อุไรธรากุล,1,ชาติไทย,6022
นครราชสีมา,3,นายธนภัทร มงคลจิตร,4,ประชาธิปัตย์,7059
นครราชสีมา,3,นายประเสริฐ บุญชัยสุข,9,ไทยรักไทย,68229
นครราชสีมา,3,นายเด่นชัย ศรีจักรโคตร,10,ความหวังใหม่,226
นครราชสีมา,3,นางรักษ์ฤทัย อุดมรัตนะศิลป์,11,มหาชน,4139
นครราชสีมา,4,นายประพิศ นวมโคกสูง,1,ชาติไทย,2992
นครราชสีมา,4,นายลัดทา ชนะภัย,4,ประชาธิปัตย์,14938
นครราชสีมา,4,นายอุทัย มิ่งขวัญ,9,ไทยรักไทย,37722
นครราชสีมา,4,นายณัฐ อรรถกวิน,11,มหาชน,12260
นครราชสีมา,5,นายดาวรุ่ง วัชรินทร์รัตน์,1,ชาติไทย,2028
นครราชสีมา,5,นายจรัญ เสาวกุล,4,ประชาธิปัตย์,1213
นครราชสีมา,5,นางพิชญ์สินี มุ่งฝากกลาง กิตติรักษกุล,9,ไทยรักไทย,39647
นครราชสีมา,5,นางทัศนียา รัตนเศรษฐ,11,มหาชน,39957
นครราชสีมา,6,นายสิทธิชัย เจริญใจ,4,ประชาธิปัตย์,1546
นครราชสีมา,6,นายวัชรา ณ วังขนาย,9,ไทยรักไทย,52402
นครราชสีมา,6,นายนาวี ศรีนุชศาสตร์,11,มหาชน,31994
นครราชสีมา,7,นายภิรมย์ พลวิเศษ,1,ชาติไทย,21193
นครราชสีมา,7,นายธรรมศักดิ์ ไสยราม,4,ประชาธิปัตย์,1780
นครราชสีมา,7,นายพงษ์พิช รุ่งเป้า,9,ไทยรักไทย,52901
นครราชสีมา,7,นายสมบูรณ์ สุขเพรียบพร้อม,11,มหาชน,6718
นครราชสีมา,8,นายศิริเกษ กุลประเสริฐ,1,ชาติไทย,6817
นครราชสีมา,8,นายประชาธิปไตย คำสิงห์นอก,9,ไทยรักไทย,46615
นครราชสีมา,8,นายสุทธิชัย ลาภยิ่งยง,11,มหาชน,8396
นครราชสีมา,9,นายจิรยุทธ บุญแต่ง,1,ชาติไทย,2157
นครราชสีมา,9,นายวันชัย นงค์สูงเนิน,4,ประชาธิปัตย์,11018
นครราชสีมา,9,นายสมศักดิ์ โสมกลาง,9,ไทยรักไทย,35126
นครราชสีมา,9,นายประพัฒน์ วิเศษจินดาวัฒน์,11,มหาชน,13125
นครราชสีมา,9,นายสุรศักดิ์ พร้อมจะบก,15,ชาติประชาธิปไตย,263
นครราชสีมา,10,นายสิทธิพงษ์ ระหาญนอก,4,ประชาธิปัตย์,960
นครราชสีมา,10,นายไพโรจน์ สุวรรณฉวี,9,ไทยรักไทย,52941
นครราชสีมา,10,นายบุญช่วย วัฒนานันทวิไล,11,มหาชน,13711
นครราชสีมา,11,นางกาญจนา บุญมีศิริทิพงศ์,4,ประชาธิปัตย์,1483
นครราชสีมา,11,นายบุญจง วงศ์ไตรรัตน์,9,ไทยรักไทย,56903
นครราชสีมา,11,นายมีชัย จิตต์พิพัฒน์,11,มหาชน,32933
นครราชสีมา,12,นายธีรพล รัตนประยูร,1,ชาติไทย,1003
นครราชสีมา,12,นายสายัณห์ สำนักโนน,4,ประชาธิปัตย์,2562
นครราชสีมา,12,นายสุภรณ์ อัตถาวงศ์,9,ไทยรักไทย,57152
นครราชสีมา,12,นายฉัตรบรรจง เพ็ชรจีนพะเนา,10,ความหวังใหม่,383
นครราชสีมา,12,นายปฏิวัติ นาคำ,11,มหาชน,18390
นครราชสีมา,13,นายสมศักดิ์ กุลละวณิชย์,1,ชาติไทย,5643
นครราชสีมา,13,นายสมบุญ วัชรเมฆินทร์,4,ประชาธิปัตย์,8659
นครราชสีมา,13,นายสมศักดิ์ พันธ์เกษม,9,ไทยรักไทย,59920
นครราชสีมา,13,นายสมศักดิ์ ฉิ่งสระน้อย,11,มหาชน,5339
นครราชสีมา,14,นายศรีสุดา เลิศยิ่งเจริญชัย,4,ประชาธิปัตย์,10585
นครราชสีมา,14,นายภูมิศาสตร์ บุญมา,5,ประชาชนไทย,451
นครราชสีมา,14,นายสมชาย เพศประเสริฐ,9,ไทยรักไทย,69753
นครราชสีมา,14,นายเวสารัช สุดเดือน,11,มหาชน,5101
นครราชสีมา,15,นายบุญยงค์ จันทร์แสง,1,ชาติไทย,718
นครราชสีมา,15,นายสมบูรณ์ จีระมะกร,4,ประชาธิปัตย์,2750
นครราชสีมา,15,นายประเสริฐ จันทรรวงทอง,9,ไทยรักไทย,45214
นครราชสีมา,15,นายสาธิต ด่านกุล,11,มหาชน,7410
นครราชสีมา,16,นางดารา เกตกะโกมล,4,ประชาธิปัตย์,2047
นครราชสีมา,16,นายวิสิทธิ์ พิทยาภรณ์,9,ไทยรักไทย,55665
นครราชสีมา,16,นายบุญเลิศ ครุฑขุนทด,11,มหาชน,17324
นครศรีธรรมราช,1,นายสุรินทร์ พิศสุวรรณ,4,ประชาธิปัตย์,39915
นครศรีธรรมราช,1,นายกณพ เกตุชาติ,9,ไทยรักไทย,29629
นครศรีธรรมราช,1,นายสุธรรม จันทร์แก้ว,10,ความหวังใหม่,100
นครศรีธรรมราช,1,นายประดิษฐ์ ทองคณารักษ์,11,มหาชน,105
นครศรีธรรมราช,2,นายสุรเชษฐ์ มาศดิตถ์,4,ประชาธิปัตย์,51795
นครศรีธรรมราช,2,นายอิสระ หัสดินทร์,9,ไทยรักไทย,14877
นครศรีธรรมราช,2,นายวันประทีป วาระเพียง,11,มหาชน,7584
นครศรีธรรมราช,3,นายนริศา อดิเทพวรพันธุ์,4,ประชาธิปัตย์,51257
นครศรีธรรมราช,3,นายนัฎฐ์ประชา เกื้อสกุล,9,ไทยรักไทย,19385
นครศรีธรรมราช,4,นายวัตรภู อาจหาญ,1,ชาติไทย,6037
นครศรีธรรมราช,4,นายมาโนชญ์ วิชัยกุล,4,ประชาธิปัตย์,45094
นครศรีธรรมราช,4,นายณัฐวุฒิ ใสยเกื้อ,9,ไทยรักไทย,27870
นครศรีธรรมราช,5,นายชยุตม์ ลิ้มประสิทธิ์วงศ์,1,ชาติไทย,841
นครศรีธรรมราช,5,นายชินวรณ์ บุณยเกียรติ,4,ประชาธิปัตย์,60779
นครศรีธรรมราช,5,นางวีรวรรณ จงจิตรศิริจิรกาล,9,ไทยรักไทย,14107
นครศรีธรรมราช,5,นายกิตติ วุธรา,11,มหาชน,2871
นครศรีธรรมราช,6,นายเทพไท เสนพงศ์,4,ประชาธิปัตย์,61470
นครศรีธรรมราช,6,นายอารีย์ พลรัฐธนาสิทธิ์,9,ไทยรักไทย,19995
นครศรีธรรมราช,6,นางสุชิลา สุขเรือง,10,ความหวังใหม่,198
นครศรีธรรมราช,7,นายวีระศักดิ์ อนุเคราะห์กุล,1,ชาติไทย,1125
นครศรีธรรมราช,7,นายประกอบ รัตนพันธ์,4,ประชาธิปัตย์,50849
นครศรีธรรมราช,7,นายวิทูร กรุณา,9,ไทยรักไทย,22825
นครศรีธรรมราช,8,นายอภิชาต ศักดิเศรษฐ์,4,ประชาธิปัตย์,51389
นครศรีธรรมราช,8,นายอาคม สุวรรณนพ,9,ไทยรักไทย,11787
นครศรีธรรมราช,9,นายชนะวัฒน์ ษารักษ์,1,ชาติไทย,3045
นครศรีธรรมราช,9,นายอภิชาต การิกาญจน์,4,ประชาธิปัตย์,41141
นครศรีธรรมราช,9,นายชัยพร ชัยฤทธิ์,5,ประชาชนไทย,614
นครศรีธรรมราช,9,นายบุญเรือง วุฒิวงศ์,9,ไทยรักไทย,9030
นครศรีธรรมราช,9,นายประกอบ คงพรหม,11,มหาชน,10602
นครศรีธรรมราช,10,นายวิทยา แก้วภราดัย,4,ประชาธิปัตย์,46565
นครศรีธรรมราช,10,นายเร็วจริง รัตนวิชา,9,ไทยรักไทย,7900
นครศรีธรรมราช,10,นายเกริก เศวตสกุลานนท์,10,ความหวังใหม่,133
นครศรีธรรมราช,10,นายสุณัณฐ์ พัชรครุกานนท์,11,มหาชน,4816
นครสวรรค์,1,นายวีระศักติ์ ชลายนคุปต์,1,ชาติไทย,16079
นครสวรรค์,1,นายสงกรานต์ จิตสุทธิภากร,4,ประชาธิปัตย์,23169
นครสวรรค์,1,นายสมชัย เจริญชัยฤทธิ์,9,ไทยรักไทย,38173
นครสวรรค์,1,นายกิติพงศ์ ภู่โพธิ์,10,ความหวังใหม่,185
นครสวรรค์,1,นายวีรยุทธ เจิดนภาพันธ์,11,มหาชน,1613
นครสวรรค์,1,นายนเรศ อยู่สนิท,17,ทางเลือกที่สาม,225
นครสวรรค์,2,นายรพีภัทร องค์วิศิษฐ์,1,ชาติไทย,2633
นครสวรรค์,2,นายสมบัติ เสมือนโพธิ์,4,ประชาธิปัตย์,7288
นครสวรรค์,2,นายเกษม ปานอุดมลักษณ์,9,ไทยรักไทย,57717
นครสวรรค์,2,นายปัญญา คล้ายแจ้ง,11,มหาชน,4380
นครสวรรค์,3,นายท.สุรัตน์ชัย เฉลยคาม,1,ชาติไทย,2060
นครสวรรค์,3,นายสมควร โอบอ้อม,4,ประชาธิปัตย์,30749
นครสวรรค์,3,นายวีระกร คำประกอบ,9,ไทยรักไทย,43372
นครสวรรค์,4,นายสุภัตรา วิมลสมบัติ,1,ชาติไทย,28723
นครสวรรค์,4,นายสันตสิริ อินทรสูต,4,ประชาธิปัตย์,3640
นครสวรรค์,4,นายสัญชัย วงษ์สุนทร,9,ไทยรักไทย,44235
นครสวรรค์,4,นายพิชญธร รอดบำรุง,11,มหาชน,942
นครสวรรค์,5,นายพีระเดช ศิริวันสาณฑ์,1,ชาติไทย,35029
นครสวรรค์,5,นายชาญ สร้อยจำปา,4,ประชาธิปัตย์,1883
นครสวรรค์,5,นายเมธี ฉัตรจินดารัตน์,9,ไทยรักไทย,43026
นครสวรรค์,6,นายพรพิศิษฐ์ แจ่มใส,1,ชาติไทย,26738
นครสวรรค์,6,นายวิริยะ วรรณทอง,4,ประชาธิปัตย์,3375
นครสวรรค์,6,นายบรรยิน ตั้งภากรณ์,9,ไทยรักไทย,37605
นครสวรรค์,7,นายประสาท ตันประเสริฐ,1,ชาติไทย,29289
นครสวรรค์,7,นายสำรอง เยี่ยงยงค์,4,ประชาธิปัตย์,5349
นครสวรรค์,7,นายนิโรธ สุนทรเลขา,9,ไทยรักไทย,34496
นครสวรรค์,7,นายเสรี มูลมณี,11,มหาชน,1140
นนทบุรี,1,นายประกอบ สังข์โต,4,ประชาธิปัตย์,22879
นนทบุรี,1,นายนิทัศน์ ศรีนนท์,9,ไทยรักไทย,40824
นนทบุรี,1,นายเอกวัฒน์ หอมเศรษฐี,11,มหาชน,5272
นนทบุรี,2,นายชายน้อย จอนแจ้ง,4,ประชาธิปัตย์,30006
นนทบุรี,2,นายอุดมเดช รัตนเสถียร,9,ไทยรักไทย,47291
นนทบุรี,2,นายวุฒิ อัศวนิโครธร,11,มหาชน,2071
นนทบุรี,3,นายวิภาส สุชาติล้ำพงศ์,4,ประชาธิปัตย์,35907
นนทบุรี,3,นางพิมพา จันทร์ประสงค์,9,ไทยรักไทย,48318
นนทบุรี,3,นายประจญ ไทรเมือง,11,มหาชน,1523
นนทบุรี,4,นายทศพล เพ็งส้ม,4,ประชาธิปัตย์,29378
นนทบุรี,4,นายสุธรรม เลิศพงษ์ประเสริฐ,7,ธรรมชาติไทย,359
นนทบุรี,4,นายอภิวันท์ วิริยะชัย,9,ไทยรักไทย,50739
นนทบุรี,4,นายอุทัยสิทธิ์ ตรีบุญเมือง,11,มหาชน,1662
นนทบุรี,5,นายสมบัติ สิทธิกรวงศ์,4,ประชาธิปัตย์,22866
นนทบุรี,5,นายสุชาติ บรรดาศักดิ์,9,ไทยรักไทย,46685
นนทบุรี,5,นายอภิศักดิ์ ลี้กุลเจริญ,11,มหาชน,12382
นนทบุรี,6,นายยงยุทธ แก้วน้อย,1,ชาติไทย,4675
นนทบุรี,6,นายธรรมธัชม์ เจนเจริญรุ่งโรจน์,4,ประชาธิปัตย์,17412
นนทบุรี,6,นายเศก ทองไถ้ผา,7,ธรรมชาติไทย,710
นนทบุรี,6,นายฉลอง เรี่ยวแรง,9,ไทยรักไทย,52045
นนทบุรี,6,นายสงกรานต์ อัจฉริยะทรัพย์,11,มหาชน,1456
นนทบุรี,6,นายธเนศ สอนสิทธิ์,17,ทางเลือกที่สาม,252
นราธิวาส,1,นายอรรถพล มามะ,1,ชาติไทย,5587
นราธิวาส,1,นายเจะอามิง โตะตาหยง,4,ประชาธิปัตย์,33927
นราธิวาส,1,นางพรพิชญ์ พัฒนกุลเลิศ,9,ไทยรักไทย,16329
นราธิวาส,1,นายพิศิษฐ ฉายศิริ,10,ความหวังใหม่,3442
นราธิวาส,1,นายวาร์มูฮำหมัด บินแวดาโอะ,11,มหาชน,13488
นราธิวาส,2,นายอับดุลอาซิ หามะ,1,ชาติไทย,6656
นราธิวาส,2,นายสุรเชษฐ์ แวอาแซ,4,ประชาธิปัตย์,36653
นราธิวาส,2,นายแวนูรีซัน แวนามะ,5,ประชาชนไทย,897
นราธิวาส,2,นายสมรรถ วาหลง,9,ไทยรักไทย,24717
นราธิวาส,2,นายสิทธิเดช สนิทสำนาน,11,มหาชน,1462
นราธิวาส,3,นายกูเฮง ยาวอหะซัน,1,ชาติไทย,23858
นราธิวาส,3,นายแวฮามะ บากา,4,ประชาธิปัตย์,21717
นราธิวาส,3,นายรอมือลี มะลี,5,ประชาชนไทย,383
นราธิวาส,3,นายนัจมุดดีน อูมา,9,ไทยรักไทย,22189
นราธิวาส,3,นายมุสลิม บากา,10,ความหวังใหม่,326
นราธิวาส,3,นายตายูดิน อุสมาน,11,มหาชน,2784
นราธิวาส,4,นายมาหะมะตอยี ละเลง,1,ชาติไทย,3284
นราธิวาส,4,นายอดุลย์ สาฮีบาตู,4,ประชาธิปัตย์,39497
นราธิวาส,4,นายสอุดี ภูมิบุตร,9,ไทยรักไทย,22801
นราธิวาส,4,นายมาหะมะนารอด๊ะ ขะ,10,ความหวังใหม่,1105
นราธิวาส,4,นายอาหะมะรูซี เจ๊ะคอ,11,มหาชน,10714
น่าน,1,นางสุกัญญา ณ ลำพูน,4,ประชาธิปัตย์,18595
น่าน,1,นายชูพงษ์ รัตนตานนท์,6,คนขอปลดหนี้,1674
น่าน,1,นางสิรินทร รามสูต,9,ไทยรักไทย,46809
น่าน,1,นายมยุรี วรรณสกุลเจริญ,10,ความหวังใหม่,2679
น่าน,1,นายดุสิต เต็งไตรรัตน์,11,มหาชน,10232
น่าน,2,นายชัยวุฒิ คูอาริยะกุล,1,ชาติไทย,16299
น่าน,2,นายธเนศ ตาชม,4,ประชาธิปัตย์,2364
น่าน,2,นายประดิษฐ์ พิเคราะห์,6,คนขอปลดหนี้,1508
น่าน,2,นายชลน่าน ศรีแก้ว,9,ไทยรักไทย,53335
น่าน,2,นายปฏิวัส ธนะไพศาล,11,มหาชน,7561
น่าน,3,นายเชิดชัย สร้อยทอง,1,ชาติไทย,3445
น่าน,3,นายตะวัน สวนนันท์,4,ประชาธิปัตย์,13055
น่าน,3,นายจักรวาล แสนสุข,6,คนขอปลดหนี้,4578
น่าน,3,นายวัลลภ สุปริยศิลป์,9,ไทยรักไทย,35802
น่าน,3,นายอาณัติ จริยโกมล,11,มหาชน,11290
บุรีรัมย์,1,นางนาตยา สุขเกษม,1,ชาติไทย,9105
บุรีรัมย์,1,นายจารุพงศ์ สมอารยพงศ์,4,ประชาธิปัตย์,7751
บุรีรัมย์,1,นายประสิทธิ์ ตั้งศรีเกียรติกุล,9,ไทยรักไทย,49835
บุรีรัมย์,1,นายประเสริฐ เลิศยะโส,11,มหาชน,2689
บุรีรัมย์,2,นายธีรวัฒน์ ฉัพพรรณรังสี,1,ชาติไทย,1748
บุรีรัมย์,2,นายชูเกียรติ วิสูตรตระการ,4,ประชาธิปัตย์,4814
บุรีรัมย์,2,นางวารุณีพร เพ็งประโคน,5,ประชาชนไทย,574
บุรีรัมย์,2,นางกรุณา ชิดชอบ,9,ไทยรักไทย,57264
บุรีรัมย์,2,นายอนุชิต ดิษฐประสพ,21,รักษ์แผ่นดินไทย,305
บุรีรัมย์,3,นายวีระยุทธ พะโรงรัมย์,4,ประชาธิปัตย์,1585
บุรีรัมย์,3,นายประดิษฐ์ แสนทวีสุข,5,ประชาชนไทย,324
บุรีรัมย์,3,นายศักดิ์สยาม ชิดชอบ,9,ไทยรักไทย,59336
บุรีรัมย์,3,นายเสนาะ พรมสวัสดิ์,11,มหาชน,4763
บุรีรัมย์,4,นายรังสิกร ทิมาตฤกะ,1,ชาติไทย,26749
บุรีรัมย์,4,นายสุรศักดิ์ นาคดี,9,ไทยรักไทย,37295
บุรีรัมย์,4,นายชูศักดิ์ พนมสินธุ์,10,ความหวังใหม่,204
บุรีรัมย์,4,นายกฤศ อุปจันทร์,11,มหาชน,2553
บุรีรัมย์,5,นายปณวัตร เลี้ยงผ่องพันธ์,1,ชาติไทย,33618
บุรีรัมย์,5,นายมนูญ มนูขจร,4,ประชาธิปัตย์,1048
บุรีรัมย์,5,นายพีระพงษ์ เฮงสวัสดิ์,9,ไทยรักไทย,34169
บุรีรัมย์,5,นายวุฒิพงษ์ เหลืองอุดมชัย,11,มหาชน,408
บุรีรัมย์,6,นายสหภพ เลี้ยงผ่องพันธ์,1,ชาติไทย,17072
บุรีรัมย์,6,นายนพรัตน์ ฉิมรัมย์,4,ประชาธิปัตย์,2562
บุรีรัมย์,6,นายโสภณ ซารัมย์,9,ไทยรักไทย,46197
บุรีรัมย์,6,นายปริวัชร มณีเติม,10,ความหวังใหม่,413
บุรีรัมย์,6,นายประกิต ประดับพงษา,11,มหาชน,426
บุรีรัมย์,6,นายสุคน แก้วกล้า,15,ชาติประชาธิปไตย,631
บุรีรัมย์,7,นายสุทธินัน จรเอ้กา,1,ชาติไทย,1186
บุรีรัมย์,7,นายภุชงค์ เลาหศิริวงค์,4,ประชาธิปัตย์,6283
บุรีรัมย์,7,นายรุ่งสุริยา หอมวัน,5,ประชาชนไทย,456
บุรีรัมย์,7,นายประกิจ พลเดช,9,ไทยรักไทย,50745
บุรีรัมย์,7,นายพงศพัศ พงศ์กิจรุ่งเรือง,10,ความหวังใหม่,347
บุรีรัมย์,7,นายปราโมทย์ หอยมุกข์,11,มหาชน,10416
บุรีรัมย์,8,นายสุรเชษฐ์ กฤตยเรืองโรจน์,1,ชาติไทย,21033
บุรีรัมย์,8,นายปรีชา เข็มบุบผา,4,ประชาธิปัตย์,1835
บุรีรัมย์,8,นายโสภณ เพชรสว่าง,9,ไทยรักไทย,51189
บุรีรัมย์,8,นายสุริยา วงศ์เพ็ญ,10,ความหวังใหม่,263
บุรีรัมย์,8,นายวัชรินทร์ ฉันทะกุล,11,มหาชน,998
บุรีรัมย์,9,นายสมนึก เฮงวาณิชย์,4,ประชาธิปัตย์,26294
บุรีรัมย์,9,นายพุทธพงศ์ จันทะโคตร,5,ประชาชนไทย,206
บุรีรัมย์,9,นายขจรธน จุดโต,9,ไทยรักไทย,38082
บุรีรัมย์,9,นายไพโรจน์ เลิศวิไล,11,มหาชน,1430
บุรีรัมย์,10,นายสุรวุฒิ เงางาม,4,ประชาธิปัตย์,3757
บุรีรัมย์,10,นายสัญชัย ทะนานทอง,5,ประชาชนไทย,243
บุรีรัมย์,10,นายทรงศักดิ์ ทองศรี,9,ไทยรักไทย,37941
บุรีรัมย์,10,นายโอภาส ปุยะติ,10,ความหวังใหม่,7355
บุรีรัมย์,10,นายภูมิสิทธิ์ มาประจง,11,มหาชน,12924
ปทุมธานี,1,นายอภินันท์ ช่วยบำรุง,4,ประชาธิปัตย์,15957
ปทุมธานี,1,นายสุรพงษ์ อึ้งอัมพรวิไล,9,ไทยรักไทย,62455
ปทุมธานี,2,นายเอกพจน์ ปานแย้ม,1,ชาติไทย,32823
ปทุมธานี,2,นายอุทัย บัวทอง,4,ประชาธิปัตย์,19115
ปทุมธานี,2,นายสุเมธ ฤทธาคนี,9,ไทยรักไทย,28195
ปทุมธานี,2,นางประเสริฐศรี ฮ้อแสงชัย,11,มหาชน,1670
ปทุมธานี,2,นางรัฐพร ศิลปชัย,21,เผ่าไท,72
ปทุมธานี,3,นายอานนท์ นุ่นสุข,4,ประชาธิปัตย์,21568
ปทุมธานี,3,นายวรัญญู เทพหัสดิน ณ อยุธยา,9,ไทยรักไทย,54086
ปทุมธานี,3,นายจำลอง พรมสวัสดิ์,11,มหาชน,2477
ปทุมธานี,4,นายอดิศร ด้วงพูล,1,ชาติไทย,5224
ปทุมธานี,4,นายสุนทร อุ่มบางตลาด,4,ประชาธิปัตย์,23683
ปทุมธานี,4,นายลิขิต หมู่ดี,9,ไทยรักไทย,50216
ปทุมธานี,5,นายเชาวฤทธิ์ พุทธนิตย์,1,ชาติไทย,9906
ปทุมธานี,5,นายธีระวัฒน์ หลีนวรัตน์,4,ประชาธิปัตย์,23765
ปทุมธานี,5,นายชูชาติ หาญสวัสดิ์,9,ไทยรักไทย,37131
ปทุมธานี,5,นายโสภณ เจริญลาภ,10,ความหวังใหม่,227
ปทุมธานี,5,นายวิเชียร พิมพ์มหา,11,มหาชน,2365
ประจวบคีรีขันธ์,1,นายมนตรี ปาน้อยนนท์,4,ประชาธิปัตย์,46812
ประจวบคีรีขันธ์,1,นายพีระ สุกิจปาณีนิจ,9,ไทยรักไทย,25457
ประจวบคีรีขันธ์,1,นายพีระพล ประจวบเหมาะ,11,มหาชน,6659
ประจวบคีรีขันธ์,2,นายเฉลิมชัย ศรีอ่อน,4,ประชาธิปัตย์,43896
ประจวบคีรีขันธ์,2,นายพรเทพ วิสุทธิ์วัฒนศักดิ์,9,ไทยรักไทย,43032
ประจวบคีรีขันธ์,3,นางวัชรี กลั่นศรี,1,ชาติไทย,2927
ประจวบคีรีขันธ์,3,นายประมวล พงศ์ถาวราเดช,4,ประชาธิปัตย์,51184
ประจวบคีรีขันธ์,3,นางอดาวัลย์ พูลธรัตน์,9,ไทยรักไทย,19262
ประจวบคีรีขันธ์,3,นายสุวรรณ ทองกรอย,11,มหาชน,1518
ปราจีนบุรี,1,นายปกรณ์ คืนคงดี,4,ประชาธิปัตย์,16935
ปราจีนบุรี,1,นางกนกวรรณ วิลาวัลย์ ศรีจันทร์งาม,9,ไทยรักไทย,49041
ปราจีนบุรี,2,นายบุญเลิศ ผาพันธุ์,4,ประชาธิปัตย์,2988
ปราจีนบุรี,2,นายคงกฤช หงษ์วิไล,9,ไทยรักไทย,49737
ปราจีนบุรี,2,นางเขมา สมใจ,11,มหาชน,23840
ปราจีนบุรี,3,นายพิษณุ อุดมทรัพย์,4,ประชาธิปัตย์,2361
ปราจีนบุรี,3,นายชยุต ภุมมะกาญจนะ,9,ไทยรักไทย,39432
ปราจีนบุรี,3,นายสิทธิ์ สิทธิมงคล,11,มหาชน,35626
ปัตตานี,1,นายรอสเด่น อีซอ,1,ชาติไทย,703
ปัตตานี,1,นายอันวาร์ สาและ,4,ประชาธิปัตย์,28554
ปัตตานี,1,นายวัยโรจน์ พิพิธภักดี,9,ไทยรักไทย,15663
ปัตตานี,1,นายสมมุติ เบ็ญจลักษณ์,11,มหาชน,21194
ปัตตานี,2,นายอุดมพันธ์ มากสุวรรณ,1,ชาติไทย,14559
ปัตตานี,2,นายอิสมาแอล ยีดอรอแม,4,ประชาธิปัตย์,41968
ปัตตานี,2,นายเจ๊ะอิสมาแอ เจ๊ะโมง,9,ไทยรักไทย,8532
ปัตตานี,2,นายอิสมาอีล เบญจสมิทธิ์,11,มหาชน,3993
ปัตตานี,3,นายโมฮามัดยาสรี ยูซง,4,ประชาธิปัตย์,33385
ปัตตานี,3,นายสมมารถ เจ๊ะนา,9,ไทยรักไทย,20763
ปัตตานี,3,นายมูฮำมัดอารีฟีน จะปะกิยา,11,มหาชน,11343
ปัตตานี,4,นายซาตา อาแวกือจิ,4,ประชาธิปัตย์,28769
ปัตตานี,4,นายมูฮำหมัดสุกกรี ดอเลาะ,5,ประชาชนไทย,512
ปัตตานี,4,นายมุข สุไลมาน,9,ไทยรักไทย,13921
ปัตตานี,4,นายนุรดีน มะดีเยาะ,10,ความหวังใหม่,1067
ปัตตานี,4,นายยุซุฟ ดอเลาะ,11,มหาชน,12178
พระนครศรีอยุธยา,1,นายสุทัศน์ อติโรจนสกุล,4,ประชาธิปัตย์,7951
พระนครศรีอยุธยา,1,นายเกื้อกูล ด่านชัยวิจิตร,9,ไทยรักไทย,46591
พระนครศรีอยุธยา,1,นายสุรเชษฐ ชัยโกศล,11,มหาชน,22581
พระนครศรีอยุธยา,2,นายสิทธิศักดิ์ ทองศรี,1,ชาติไทย,2397
พระนครศรีอยุธยา,2,นายสมบูรณ์ มีนาค,4,ประชาธิปัตย์,9135
พระนครศรีอยุธยา,2,นายพ้อง ชีวานันท์,9,ไทยรักไทย,60487
พระนครศรีอยุธยา,2,นายสุพจน์ ศักดิ์ดี,11,มหาชน,4745
พระนครศรีอยุธยา,3,นายมนัส ธนะสาร,4,ประชาธิปัตย์,8514
พระนครศรีอยุธยา,3,นายสุวิมล พันธ์เจริญวรกุล,9,ไทยรักไทย,67011
พระนครศรีอยุธยา,3,นายกิตติ จูปรางค์,11,มหาชน,5652
พระนครศรีอยุธยา,4,นายสมบัติ ทัพประยูร,4,ประชาธิปัตย์,9993
พระนครศรีอยุธยา,4,นายวิทยา บุรณศิริ,9,ไทยรักไทย,63890
พระนครศรีอยุธยา,4,นายบุญชอบ อินทรักษาทรัพย์,10,ความหวังใหม่,1118
พระนครศรีอยุธยา,5,นายสุรัตน์ชัย บุญมีนิยม,1,ชาติไทย,4277
พระนครศรีอยุธยา,5,นายมนตรี จันทร,4,ประชาธิปัตย์,15370
พระนครศรีอยุธยา,5,นายบุญพันธ์ แขวัฒนะ,9,ไทยรักไทย,47568
พระนครศรีอยุธยา,5,นายบุญส่ง กุศลเอี่ยม,11,มหาชน,5818
พะเยา,1,นางวัชรี พงษ์พันธุ์ชัชวาล,4,ประชาธิปัตย์,9946
พะเยา,1,นายอรุณี ชำนาญยา,9,ไทยรักไทย,51739
พะเยา,1,นายครูนิตย์ ปิงเมือง,11,มหาชน,19959
พะเยา,2,นายอนุชา มุสิกะ,4,ประชาธิปัตย์,9324
พะเยา,2,นายรัชฎาพร ทองคำ,6,คนขอปลดหนี้,1982
พะเยา,2,นายวิสุทธิ์ ไชยดรุณ,9,ไทยรักไทย,61097
พะเยา,2,นายกู้เกียรติ ชูศักดิ์สกุลวิบูลย์,11,มหาชน,7341
พะเยา,3,นายบัณฑิต ไชยมงคล,1,ชาติไทย,3844
พะเยา,3,นายประพันธ์ สิงห์ชัย,4,ประชาธิปัตย์,2942
พะเยา,3,นายอุรัสยา ขันแก้ว,6,คนขอปลดหนี้,1271
พะเยา,3,นายไพโรจน์ ตันบรรจง,9,ไทยรักไทย,56795
พะเยา,3,นายมัลลิกา บุญมีตระกูล,11,มหาชน,22156
พังงา,1,นายธำรงณ์ศักดิ์ บุญรักษ์,1,ชาติไทย,891
พังงา,1,นางกันตวรรณ ตันเสถียร กุลจรรยาวิวัฒน์,4,ประชาธิปัตย์,47798
พังงา,1,นายปราโมทย์ แหล่ทองคำ,9,ไทยรักไทย,14210
พังงา,2,นายจุฤทธิ์ ลักษณวิศิษฏ์,4,ประชาธิปัตย์,30961
พังงา,2,นายกฤษ ศรีฟ้า,9,ไทยรักไทย,33494
พัทลุง,1,นายกู้ชาติ ชายเกตุ,1,ชาติไทย,1336
พัทลุง,1,นายสุพัฒน์ ธรรมเพชร,4,ประชาธิปัตย์,62835
พัทลุง,1,นายธนภัทร เหมือนจันทร์,9,ไทยรักไทย,22857
พัทลุง,1,นายยืนยง พืชมงคล,10,ความหวังใหม่,411
พัทลุง,2,นายอภินันท์ ชูดำ,1,ชาติไทย,1567
พัทลุง,2,นายนิพิฏฐ์ อินทร์สมบัติ,4,ประชาธิปัตย์,44729
พัทลุง,2,นายคณนาถ หมื่นหนู,9,ไทยรักไทย,37674
พัทลุง,2,นายสมชาย ใจดำ,10,ความหวังใหม่,326
พัทลุง,2,นายสุชาติ รักใหม่,11,มหาชน,9063
พัทลุง,3,นายทรงภพ สมถวิล,1,ชาติไทย,1116
พัทลุง,3,นายนริศ ขำนุรักษ์,4,ประชาธิปัตย์,56494
พัทลุง,3,นายสุพัฒน์ แก้วจันทร์,9,ไทยรักไทย,30065
พัทลุง,3,นายเขมาวุฒิ สุวรรณ์,10,ความหวังใหม่,156
พิจิตร,1,นายประดิษฐ์ ภัทรประสิทธิ์,4,ประชาธิปัตย์,38360
พิจิตร,1,นายเสริมสุข เหลาหชัยอรุณ,9,ไทยรักไทย,29662
พิจิตร,2,นายนราพัฒน์ แก้วทอง,4,ประชาธิปัตย์,34044
พิจิตร,2,นายสุณีย์ เหลืองวิจิตร,9,ไทยรักไทย,35510
พิจิตร,2,นายพัชราภรณ์ แก้วทอง,18,รักษ์ถิ่นไทย,115
พิจิตร,3,นายวิทยา กรวยศิริวงค์,4,ประชาธิปัตย์,1107
พิจิตร,3,นายนาวิน บุญเสรฐ,9,ไทยรักไทย,34265
พิจิตร,3,นายศิริวัฒน์ ขจรประศาสน์,11,มหาชน,30679
พิจิตร,4,นายภาคภูมิ ถาวรกูล,4,ประชาธิปัตย์,11215
พิจิตร,4,นายอดุลย์ บุญเสรฐ,9,ไทยรักไทย,52665
พิษณุโลก,1,นายราม ตันรัตนวงศ์,1,ชาติไทย,4849
พิษณุโลก,1,นายวรงค์ เดชกิจวิกรม,4,ประชาธิปัตย์,39050
พิษณุโลก,1,นายพิทักษ์ สันติวงศ์เดชา,9,ไทยรักไทย,23587
พิษณุโลก,1,นายพิพัฒน์ เด็ดแก้ว,11,มหาชน,925
พิษณุโลก,2,นายธีรการ ศิริวุฒิการ,1,ชาติไทย,800
พิษณุโลก,2,นายพงษ์มนู ทองหนัก,4,ประชาธิปัตย์,21268
พิษณุโลก,2,นายศรัทธา เสมามิ่ง,5,ประชาชนไทย,187
พิษณุโลก,2,นายปณชัย จำปาแก้ว,6,คนขอปลดหนี้,1409
พิษณุโลก,2,นายมนต์ชัย วิวัฒน์ธนาฒย์,9,ไทยรักไทย,51758
พิษณุโลก,3,นายบุญเลิศ จันทร์ประเสริฐ,1,ชาติไทย,1452
พิษณุโลก,3,นายนพพล เหลืองทองนารา,4,ประชาธิปัตย์,27420
พิษณุโลก,3,นายประสิทธิ์ คงจันทร์,6,คนขอปลดหนี้,2016
พิษณุโลก,3,นางมยุรา มนะสิการ,9,ไทยรักไทย,37147
พิษณุโลก,3,นายยอด นาคหวัง,11,มหาชน,2226
พิษณุโลก,4,นายกฤษณ์ รื่นฤทธิ์,1,ชาติไทย,1120
พิษณุโลก,4,นายนพดล สัจจัง,4,ประชาธิปัตย์,14916
พิษณุโลก,4,นายนิยม ช่างพินิจ,9,ไทยรักไทย,46038
พิษณุโลก,4,นายไพโรจน์ ปานทอง,11,มหาชน,1442
พิษณุโลก,5,นายเรืองฤทธิ์ ศิริสวัสดิ์,1,ชาติไทย,5375
พิษณุโลก,5,นายนคร มาฉิม,4,ประชาธิปัตย์,29793
พิษณุโลก,5,นายพูมคม ศรีนรา,6,คนขอปลดหนี้,7951
พิษณุโลก,5,นายไกรสิทธิ์ ไกรสิทธิพงศ์,9,ไทยรักไทย,23730
พิษณุโลก,5,นายสมบัติ จันทรา,10,ความหวังใหม่,253
พิษณุโลก,5,นายชุติกาญจน์ คำผงแดง,11,มหาชน,2339
พิษณุโลก,6,นายจุติ ไกรฤกษ์,4,ประชาธิปัตย์,24177
พิษณุโลก,6,นายเอกสิทธิ์ กิจถนอม,6,คนขอปลดหนี้,3024
พิษณุโลก,6,นายหัสนัยน์ สอนสิทธิ์,9,ไทยรักไทย,32279
พิษณุโลก,6,นายรุ่งทรัพย์ รุ่งเกียรติยศ,10,ความหวังใหม่,147
พิษณุโลก,6,นายชวสรร เหลืองตระกูล,11,มหาชน,1620
พิษณุโลก,6,นายบุษบา ไกรฤกษ์,18,รักษ์ถิ่นไทย,90
เพชรบุรี,1,นายปรีชา สีน้ำเพชร,1,ชาติไทย,24131
เพชรบุรี,1,นายอลงกรณ์ พลบุตร,4,ประชาธิปัตย์,44397
เพชรบุรี,1,นายราชศักดิ์ คล้ายคลึง,9,ไทยรักไทย,14638
เพชรบุรี,1,นายภูวดล ชมบริสุทธิ์,10,ความหวังใหม่,254
เพชรบุรี,2,นายกัมพล สุภาแพ่ง,4,ประชาธิปัตย์,34534
เพชรบุรี,2,นายธานี ยี่สาร,9,ไทยรักไทย,44812
เพชรบุรี,2,นายอนิรุทธ์ บัวทอง,11,มหาชน,1283
เพชรบุรี,3,นายทัศกมล โอบอ้อม,1,ชาติไทย,9367
เพชรบุรี,3,นายอภิชาติ สุภาแพ่ง,4,ประชาธิปัตย์,43529
เพชรบุรี,3,นายปิยะ อังกินันทน์,9,ไทยรักไทย,29421
เพชรบุรี,3,นายสงวน นาทวัฒน์หัตถพล,11,มหาชน,1194
เพชรบูรณ์,1,นายวิจิตร พรพฤฒิพันธุ์,4,ประชาธิปัตย์,26741
เพชรบูรณ์,1,นายจักรพันธุ์ ศิริวงศ์,6,คนขอปลดหนี้,1539
เพชรบูรณ์,1,นายเรวัต แสงวิจิตร,9,ไทยรักไทย,38697
เพชรบูรณ์,1,นายชัยวัฒน์ เจริญศรีทอง,11,มหาชน,2882
เพชรบูรณ์,2,นายศักดิ์ชัย ลาภพรศิริกุล,1,ชาติไทย,11058
เพชรบูรณ์,2,นายอาทิตย์ มงคลกิติ,4,ประชาธิปัตย์,8613
เพชรบูรณ์,2,นายณชภาดร เจริญภูวดล,6,คนขอปลดหนี้,481
เพชรบูรณ์,2,นายสุรศักดิ์ อนรรฆพันธ์,9,ไทยรักไทย,37718
เพชรบูรณ์,2,นายวรพิภัทร พงศ์ธนพจน์,11,มหาชน,3460
เพชรบูรณ์,3,นายบรรหาร บุญเขต,4,ประชาธิปัตย์,1755
เพชรบูรณ์,3,นายฤทธิชัย ดีอ่ำ,6,คนขอปลดหนี้,563
เพชรบูรณ์,3,นายทวีศักดิ์ อนรรฆพันธ์,9,ไทยรักไทย,37832
เพชรบูรณ์,3,นายชาญชัย กิจประเสริฐ,11,มหาชน,17451
เพชรบูรณ์,4,นายจรัส พั้วช่วย,1,ชาติไทย,14247
เพชรบูรณ์,4,นายประหยัด พลสวัสดิ์,5,ประชาชนไทย,312
เพชรบูรณ์,4,นายอเนก ก้อนมณี,6,คนขอปลดหนี้,9820
เพชรบูรณ์,4,นายณรงค์กร ชวาลสันตติ,9,ไทยรักไทย,40986
เพชรบูรณ์,4,นายจรัญ สายวัน,11,มหาชน,6382
เพชรบูรณ์,4,นายเทียนชัย ชาญจึงถาวร,21,พลังธรรม,576
เพชรบูรณ์,5,นายสุมนี รัตนเสถียร,1,ชาติไทย,24211
เพชรบูรณ์,5,นายอนุกูล รัศมี,4,ประชาธิปัตย์,3881
เพชรบูรณ์,5,นายกิตติคุณ นาคะบุตร,9,ไทยรักไทย,37349
เพชรบูรณ์,5,นายโอภาส สุทธิเกิด,11,มหาชน,1269
เพชรบูรณ์,6,นายพิชัย คนโทเงิน,4,ประชาธิปัตย์,10712
เพชรบูรณ์,6,นายเอี่ยม ทองใจสด,9,ไทยรักไทย,55520
เพชรบูรณ์,7,นายจักรัตน์ พั้วช่วย,1,ชาติไทย,30562
เพชรบูรณ์,7,นายเมธี วินัยโรจน์,4,ประชาธิปัตย์,2808
เพชรบูรณ์,7,นายสุทธิพงษ์ ขันตี,6,คนขอปลดหนี้,5227
เพชรบูรณ์,7,นายไพศาล จันทรภักดี,9,ไทยรักไทย,30993
เพชรบูรณ์,7,นายชัยรัตน์ เหมมั่น,11,มหาชน,5411
แพร่,1,นายประสงค์ ชุ่มเชย,4,ประชาธิปัตย์,17408
แพร่,1,นายทศพร เสรีรักษ์,9,ไทยรักไทย,72144
แพร่,1,นายสาโรจน์ ศุภศิริ,11,มหาชน,4402
แพร่,2,นางศิริวรรณ ปราศจากศัตรู,4,ประชาธิปัตย์,30397
แพร่,2,นายอนุวัธ วงศ์วรรณ,9,ไทยรักไทย,55103
แพร่,2,นายพนมพันธ์ คำชื่น,11,มหาชน,1194
แพร่,3,นายสมชัย จำปี,4,ประชาธิปัตย์,29527
แพร่,3,นายปนัดดา นันทะญานา,6,คนขอปลดหนี้,1028
แพร่,3,นายวรวัจน์ เอื้ออภิญญกุล,9,ไทยรักไทย,49370
แพร่,3,นายพิชิต มีผดุง,11,มหาชน,1662
ภูเก็ต,1,นายสุวิทย์ เสงี่ยมกุล,4,ประชาธิปัตย์,45111
ภูเก็ต,1,นางศรีญาดา ปาลิมาพันธ์,9,ไทยรักไทย,23503
ภูเก็ต,2,นายเฉลิมลักษณ์ เก็บทรัพย์,4,ประชาธิปัตย์,43295
ภูเก็ต,2,นายวิสุทธิ์ สันติกุล,9,ไทยรักไทย,27222
มหาสารคาม,1,นายเชวงศักดิ์ พลลาภ,4,ประชาธิปัตย์,5894
มหาสารคาม,1,นายยุทธพล ศรีมุงคุณ,5,ประชาชนไทย,315
มหาสารคาม,1,นายทองหล่อ พลโคตร,9,ไทยรักไทย,64234
มหาสารคาม,1,นายเสกสรรค์ แก้วมาลา,10,ความหวังใหม่,536
มหาสารคาม,1,นายชัยสิทธิ์ อัตถากร,11,มหาชน,4258
มหาสารคาม,2,นายไถง ปะติเส,4,ประชาธิปัตย์,9971
มหาสารคาม,2,นายจตุภูมิ ศรีสุโท,5,ประชาชนไทย,183
มหาสารคาม,2,นายสุข ม่วงแก้ว,6,คนขอปลดหนี้,606
มหาสารคาม,2,นายสุชาติ ศรีสังข์,9,ไทยรักไทย,53562
มหาสารคาม,2,นายจำรัส จันทร์เปล่ง,10,ความหวังใหม่,219
มหาสารคาม,2,นายประจิตย์ ดาวเรือง,11,มหาชน,5921
มหาสารคาม,3,นายยุทธพงศ์ จรัสเสถียร,4,ประชาธิปัตย์,25175
มหาสารคาม,3,นายสุชาติ โชคชัยวัฒนากร,9,ไทยรักไทย,44948
มหาสารคาม,3,นายเฉลียว ไชยชาติ,10,ความหวังใหม่,386
มหาสารคาม,3,นายธนพจน์ หนุนพาณิชพงศ์,11,มหาชน,2282
มหาสารคาม,4,นายสรรพภัญญู ศิริไปล์,1,ชาติไทย,21887
มหาสารคาม,4,นายบรรจง ทองจำปา,4,ประชาธิปัตย์,764
มหาสารคาม,4,นายวชิรุฬ ธุระทำ,5,ประชาชนไทย,87
มหาสารคาม,4,นายชาญชัย ชัยรุ่งเรือง,9,ไทยรักไทย,39016
มหาสารคาม,4,นายวสันต์ คงประทีป,10,ความหวังใหม่,188
มหาสารคาม,4,นายชาฤทธิ์ ชัยพิสุทธิ์สกุล,11,มหาชน,10827
มหาสารคาม,5,นายประยุทธ์ ศิริพาณิชย์,1,ชาติไทย,28310
มหาสารคาม,5,นายศุภัทร์ลาภ ทาสะโก,4,ประชาธิปัตย์,762
มหาสารคาม,5,นางกุสุมาลวตี ศิริโกมุท,9,ไทยรักไทย,49302
มหาสารคาม,5,นายบุญแสง พิมล,10,ความหวังใหม่,200
มหาสารคาม,5,นายเลอสรรค์ สิทธิด่าง,11,มหาชน,713
มหาสารคาม,5,นายจรัส ชูคันหอม,13,ไทยช่วยไทย,44
มหาสารคาม,6,นายมาโนช เชาวรัตน์,1,ชาติไทย,27751
มหาสารคาม,6,นายวารินทร์ โคตรศรีวงษ์,4,ประชาธิปัตย์,3665
มหาสารคาม,6,นายชรี วารีศรี,5,ประชาชนไทย,179
มหาสารคาม,6,นายกริช กงเพชร,9,ไทยรักไทย,43733
มหาสารคาม,6,นายวรรัช จำปามูล,10,ความหวังใหม่,981
มหาสารคาม,6,นายจิรายุ สังฆะมณี,11,มหาชน,1755
มุกดาหาร,1,นางวรศุลี เชาว์ศิริกุล,1,ชาติไทย,26239
มุกดาหาร,1,นางมารศรี ศรีประเสริฐ,4,ประชาธิปัตย์,644
มุกดาหาร,1,นายประมวลศิลป์ โภคสวัสดิ์,9,ไทยรักไทย,49709
มุกดาหาร,1,นายประพันธ์ บรรลุศิลป์,11,มหาชน,790
มุกดาหาร,1,นายพงษ์พันธ์ จันทรสาขา,12,ประชากรไทย,82
มุกดาหาร,1,นายเด่นชัย แสนนามวงศ์,18,รักษ์ถิ่นไทย,180
มุกดาหาร,2,นายวิทยา บุตรดีวงค์,1,ชาติไทย,36659
มุกดาหาร,2,นายวารินทร์ อัฐนาค,4,ประชาธิปัตย์,1025
มุกดาหาร,2,นางลาวัณย์ ตันติกุลพงศ์,9,ไทยรักไทย,35264
มุกดาหาร,2,นายไพฑูรย์ พลซื่อ,11,มหาชน,2621
มุกดาหาร,2,นายเกษม คำมุงคุณ,21,เกษตรกรไทย,763
แม่ฮ่องสอน,1,นายดำรง ไหวดี,1,ชาติไทย,2522
แม่ฮ่องสอน,1,นายเสน่ห์ อุตราภิมุข,4,ประชาธิปัตย์,10619
แม่ฮ่องสอน,1,นายอำนาจ แสงเฮ่อ,6,คนขอปลดหนี้,3666
แม่ฮ่องสอน,1,นายปัญญา จีนาคำ,9,ไทยรักไทย,21890
แม่ฮ่องสอน,1,นายประเวช คำสวัสดิ์,10,ความหวังใหม่,546
แม่ฮ่องสอน,1,นางกิตติกา พานอ่อง,11,มหาชน,6048
แม่ฮ่องสอน,2,นายจีรพงศ์ พวงทอง,4,ประชาธิปัตย์,13638
แม่ฮ่องสอน,2,นายชัยเพชร กิ่งแก้วเพชร,6,คนขอปลดหนี้,14568
แม่ฮ่องสอน,2,นายสมบูรณ์ ไพรวัลย์,9,ไทยรักไทย,15654
แม่ฮ่องสอน,2,นายวรวิทย์ พันธุรัตน์,11,มหาชน,2841
ยโสธร,1,นายประยุทธ นิจพานิชย์,1,ชาติไทย,11106
ยโสธร,1,นายสมชาย ภักตรนิกร,4,ประชาธิปัตย์,972
ยโสธร,1,นายสุคนธ์ นันตาวัง,6,คนขอปลดหนี้,372
ยโสธร,1,นายสุทธิชัย จันทร์อารักษ์,9,ไทยรักไทย,39142
ยโสธร,1,นายวีระศักดิ์ บุญทศ,10,ความหวังใหม่,7296
ยโสธร,1,นายสมหวัง จำปาหอม,11,มหาชน,9741
ยโสธร,1,นายนายสัญลักษณ์ แสงพันธุ์,15,ชาติประชาธิปไตย,251
ยโสธร,2,นายประจักษ์ เนาวรัตน์,4,ประชาธิปัตย์,5261
ยโสธร,2,นายรณฤทธิชัย คานเขต,9,ไทยรักไทย,46672
ยโสธร,2,นายกร ศิรินาม,10,ความหวังใหม่,1216
ยโสธร,2,นายอาคม จวนสาง,11,มหาชน,2736
ยโสธร,3,นายอภินันท์ เมตตาริกานนท์,1,ชาติไทย,18936
ยโสธร,3,นายถาวร ศรีมันตะ,4,ประชาธิปัตย์,1556
ยโสธร,3,นายวิฑูรย์ วงษ์ไกร,9,ไทยรักไทย,36828
ยโสธร,4,นายสฤษดิ์ ประดับศรี,1,ชาติไทย,22311
ยโสธร,4,นายปิยนุช ทองบุราณ,4,ประชาธิปัตย์,1106
ยโสธร,4,นายวิสันต์ เดชเสน,9,ไทยรักไทย,32198
ยโสธร,4,นายพัฒนา ชลพันธ์,10,ความหวังใหม่,282
ยโสธร,4,นายพิเชษฐ์ สารสุข,11,มหาชน,7786
ยะลา,1,นายชาตรี มะดอลอ,1,ชาติไทย,3734
ยะลา,1,นายประเสริฐ พงษ์สุวรรณศิริ,4,ประชาธิปัตย์,33393
ยะลา,1,นายไพโรจน์ เฉลียวศักติ์,9,ไทยรักไทย,20336
ยะลา,1,นายอนันต์ แสงวัณณ์,11,มหาชน,5716
ยะลา,2,นายอับดุลการิม เด็งระกีนา,4,ประชาธิปัตย์,23212
ยะลา,2,นายไพศาล ยิ่งสมาน,9,ไทยรักไทย,19314
ยะลา,2,นายสิทธิศักดิ์ มะโรหบุตร,10,ความหวังใหม่,1367
ยะลา,2,นายนิรันทร์ วายา,11,มหาชน,18621
ยะลา,3,นายณรงค์ ดูดิง,4,ประชาธิปัตย์,38040
ยะลา,3,นายบูราฮานูดิน อุเซ็ง,9,ไทยรักไทย,22162
ยะลา,3,นายสอยูวัน อาลีมามะ,11,มหาชน,5637
ร้อยเอ็ด,1,นายอนุรักษ์ จุรีมาศ,1,ชาติไทย,44065
ร้อยเอ็ด,1,นายประณต เสริฐวิชา,4,ประชาธิปัตย์,802
ร้อยเอ็ด,1,นายธำรงศักดิ์ ประสาร,5,ประชาชนไทย,31
ร้อยเอ็ด,1,นายสานิต ว่องสัธนพงษ์,9,ไทยรักไทย,38174
ร้อยเอ็ด,1,นายประยูร วิไลภักดี,10,ความหวังใหม่,98
ร้อยเอ็ด,1,นายวราวงษ์ พันธุ์ศิลา,11,มหาชน,1735
ร้อยเอ็ด,2,นายทวี ศิลารัตน์,1,ชาติไทย,1270
ร้อยเอ็ด,2,นายเกียรติศักดิ์ ไค่นุ่นกา,4,ประชาธิปัตย์,1604
ร้อยเอ็ด,2,นางฐัติมา ภาวะลี,5,ประชาชนไทย,124
ร้อยเอ็ด,2,นายฉลาด ขามช่วง,9,ไทยรักไทย,65424
ร้อยเอ็ด,2,นายทวีวัฒน์ รัตนสงคราม,10,ความหวังใหม่,293
ร้อยเอ็ด,2,นายธีรวุฒิ เถาทิพย์,11,มหาชน,8471
ร้อยเอ็ด,3,นายพิชัย คามวัลย์,4,ประชาธิปัตย์,921
ร้อยเอ็ด,3,นายไพโรจน์ ดิษฐาเนตร,5,ประชาชนไทย,192
ร้อยเอ็ด,3,นายเยียมพล พลเยี่ยม,6,คนขอปลดหนี้,3397
ร้อยเอ็ด,3,นายเอกภาพ พลซื่อ,9,ไทยรักไทย,68320
ร้อยเอ็ด,3,นายปิฏิพงษ์ พลเยี่ยม,10,ความหวังใหม่,600
ร้อยเอ็ด,4,นายอรรณพ เพียรชนะ,1,ชาติไทย,27182
ร้อยเอ็ด,4,นายยงยุทธ ขัติยนนท์,4,ประชาธิปัตย์,743
ร้อยเอ็ด,4,นายธงชัย เยาวเรศน์,5,ประชาชนไทย,37
ร้อยเอ็ด,4,นายณัชธกร ประกอบสาย,6,คนขอปลดหนี้,1016
ร้อยเอ็ด,4,นายนิรันดร นาเมืองรักษ์,9,ไทยรักไทย,37173
ร้อยเอ็ด,4,นายบุญชิต อุทัศพัฒนะ,10,ความหวังใหม่,162
ร้อยเอ็ด,4,นายชัยศักดิ์ ทะไกรราช,11,มหาชน,2715
ร้อยเอ็ด,5,นายประสพสุข เสนานคร,1,ชาติไทย,1058
ร้อยเอ็ด,5,นายสมบัติ ขันโมลี,4,ประชาธิปัตย์,796
ร้อยเอ็ด,5,นายนิสิต สินธุไพร,9,ไทยรักไทย,49950
ร้อยเอ็ด,5,นายวัชรินทร์ เอี่ยมรัศมีกุล,11,มหาชน,19386
ร้อยเอ็ด,6,นายจันทรพร ขันโมลี,4,ประชาธิปัตย์,3366
ร้อยเอ็ด,6,นายสมเดช พันธมาศ,5,ประชาชนไทย,81
ร้อยเอ็ด,6,นายกิตติ สมทรัพย์,9,ไทยรักไทย,64536
ร้อยเอ็ด,6,นายกฤษณะ แสนสำโรง,11,มหาชน,3997
ร้อยเอ็ด,7,นายอุทาร ออมอด,4,ประชาธิปัตย์,4192
ร้อยเอ็ด,7,นายสมชาติ บุญโลก,8,แผ่นดินไทย,712
ร้อยเอ็ด,7,นายศักดา คงเพชร,9,ไทยรักไทย,62863
ร้อยเอ็ด,7,นายบุญนาค จุลวงษ์,10,ความหวังใหม่,354
ร้อยเอ็ด,7,นายสนั่น สุพิชญานนท์,11,มหาชน,2366
ร้อยเอ็ด,8,นายมังกร ยนต์ตระกูล,1,ชาติไทย,41893
ร้อยเอ็ด,8,นายสภา จุรีมาศ,4,ประชาธิปัตย์,331
ร้อยเอ็ด,8,นายเวียง วรเชษฐ์,9,ไทยรักไทย,33251
ร้อยเอ็ด,8,นายสถาพร โสดาวัฒน์,10,ความหวังใหม่,104
ร้อยเอ็ด,8,นายสุนทร วงค์ศรีมี,11,มหาชน,558
ระนอง,1,นายพงศกร พรหมสุวรรณ,1,ชาติไทย,1727
ระนอง,1,นายวิรัช ร่มเย็น,4,ประชาธิปัตย์,48647
ระนอง,1,นางปรียา ศรีพรหม,9,ไทยรักไทย,19765
ระนอง,1,นายสุขกิจ สวัสดี,11,มหาชน,6731
ระยอง,1,นายวารินทร์ ดุษฎีวงษ์กำจร,1,ชาติไทย,1342
ระยอง,1,นายสาธิต ปิตุเตชะ,4,ประชาธิปัตย์,33153
ระยอง,1,นายยงยศ อรุณเวสสะเศรษฐ,9,ไทยรักไทย,34283
ระยอง,1,นายสันทัด วิเศษศรี,11,มหาชน,1308
ระยอง,2,นางนิยะดา กฤษณะราช,1,ชาติไทย,9517
ระยอง,2,นายบัญญัติ เจตนจันทร์,4,ประชาธิปัตย์,30417
ระยอง,2,นายกฤษฎา การุญ,9,ไทยรักไทย,30656
ระยอง,2,นายอรรถพร ตั้งนุศาสน์,11,มหาชน,2131
ระยอง,3,นายโชดก วิริยะพงษ์,1,ชาติไทย,4088
ระยอง,3,นายมานพ เสถียรเขตต์,4,ประชาธิปัตย์,23126
ระยอง,3,นายธารา ปิตุเตชะ,9,ไทยรักไทย,43622
ระยอง,4,นายสุรชัย ปิตุเตชะ,1,ชาติไทย,10013
ระยอง,4,นายดิเรก ศิลา,4,ประชาธิปัตย์,17737
ระยอง,4,นายปราโมทย์ วีระพันธ์,9,ไทยรักไทย,37562
ระยอง,4,นายประชุม ปรีชาพัฒนพงศ์,11,มหาชน,1975
ราชบุรี,1,นายบุญมาก ศิริเนาวกุล,4,ประชาธิปัตย์,36799
ราชบุรี,1,นายกอบกุล นพอมรบดี,9,ไทยรักไทย,47208
ราชบุรี,1,นางวันดี ท้วมพลอย,10,ความหวังใหม่,239
ราชบุรี,1,นางจริยา ลัทธศักดิ์ศิริ,11,มหาชน,1802
ราชบุรี,2,นายสามารถ พิริยะปัญญาพร,4,ประชาธิปัตย์,34410
ราชบุรี,2,นายวิวัฒน์ นิติกาญจนา,9,ไทยรักไทย,47089
ราชบุรี,2,นายรัชฎาพร ชูประสงค์,10,ความหวังใหม่,384
ราชบุรี,2,นายพันธ์ณรงค์ ประจักษ์จิตร,11,มหาชน,1434
ราชบุรี,3,นายปรีชญา ขำเจริญ,4,ประชาธิปัตย์,33444
ราชบุรี,3,นายปารีณา ไกรคุปต์,9,ไทยรักไทย,51705
ราชบุรี,3,นางนภักษร คณารักสมบัติ,10,ความหวังใหม่,416
ราชบุรี,3,นายสมบัติ เรืองกฤษ,11,มหาชน,2737
ราชบุรี,4,นายวิจัย วัฒนาประสิทธิ์,1,ชาติไทย,17837
ราชบุรี,4,นายยศศักดิ์ ชีววิญญู,4,ประชาธิปัตย์,19711
ราชบุรี,4,นายวัฒนา มังคลรังษี,9,ไทยรักไทย,49759
ราชบุรี,4,นางสุหร่าย น่วมทนงค์,10,ความหวังใหม่,680
ราชบุรี,4,นายภัคคุณก้าว จริยธาราสิทธิ์,11,มหาชน,1695
ราชบุรี,5,นายสมพงษ์ นิลสิน,1,ชาติไทย,4312
ราชบุรี,5,นายวรินทร เนียมฉาย,4,ประชาธิปัตย์,33496
ราชบุรี,5,นายบุญลือ ประเสริฐโสภา,9,ไทยรักไทย,47103
ราชบุรี,5,นายภูริวัตน์ แก้วชัง,10,ความหวังใหม่,468
ลพบุรี,1,นายจำเริญ สละชีพ,1,ชาติไทย,20927
ลพบุรี,1,นายผ่องศรี ธาราภูมิ,4,ประชาธิปัตย์,19795
ลพบุรี,1,นายณัฐพล เกียรติวินัยสกุล,9,ไทยรักไทย,33441
ลพบุรี,2,นายอมฤต สุหิรัญ,4,ประชาธิปัตย์,19993
ลพบุรี,2,นายพงษ์ศักดิ์ วรปัญญา,9,ไทยรักไทย,56287
ลพบุรี,3,นายกมล จิระพันธุ์วาณิช,1,ชาติไทย,27887
ลพบุรี,3,นางจันทนี ไทยเจริญ,4,ประชาธิปัตย์,2823
ลพบุรี,3,นายสุชาติ ลายน้ำเงิน,9,ไทยรักไทย,43955
ลพบุรี,4,นายประวิทย์ กุมพล,4,ประชาธิปัตย์,6751
ลพบุรี,4,นายอำนวย คลังผา,9,ไทยรักไทย,61273
ลพบุรี,4,นางพัชราภรณ์ เชื้อเพ็ชร์,11,มหาชน,6444
ลพบุรี,5,นางสายชล มิตรานนท์,4,ประชาธิปัตย์,26215
ลพบุรี,5,นายนิยม วรปัญญา,9,ไทยรักไทย,43760
ลพบุรี,5,นายเสวต เชื้อเพ็ชร,11,มหาชน,3878
ลำปาง,1,นายวิชัย จักรวัฒนา,4,ประชาธิปัตย์,9905
ลำปาง,1,นายศิรินทร์ทิพย์ เป็นคุณ,6,คนขอปลดหนี้,711
ลำปาง,1,นายไพโรจน์ โล่ห์สุนทร,9,ไทยรักไทย,44757
ลำปาง,1,นายมัธยม นิภาเกษม,11,มหาชน,28041
ลำปาง,2,นายจินดา วงศ์สวัสดิ์,1,ชาติไทย,28619
ลำปาง,2,นายเกริก กาศเจริญ,4,ประชาธิปัตย์,3519
ลำปาง,2,นางรัชดา ศิริพรมพิศาล,6,คนขอปลดหนี้,543
ลำปาง,2,นายกิตติกร โล่ห์สุนทร,9,ไทยรักไทย,55697
ลำปาง,2,นายวาจิส กันทะวัง,11,มหาชน,2113
ลำปาง,3,นายสุริยา อูปทอง,1,ชาติไทย,11716
ลำปาง,3,นายสมเกียรติ พ่วงทรัพย์,4,ประชาธิปัตย์,18973
ลำปาง,3,นายจักรกฤษณ์ ใจสีคำ,6,คนขอปลดหนี้,501
ลำปาง,3,นายวาสิต พยัคฆบุตร,9,ไทยรักไทย,36835
ลำปาง,3,นายเด็ดดวง ณ ลำปาง,10,ความหวังใหม่,1685
ลำปาง,3,นายสำคัญ วรรณบวร,11,มหาชน,6623
ลำปาง,3,นายถนัด หิรัญคำ,15,ชาติประชาธิปไตย,1056
ลำปาง,4,นายเสน่ห์ แก้วมาลัย,1,ชาติไทย,15372
ลำปาง,4,นายสิทธา ทองสวัสดิ์,4,ประชาธิปัตย์,11089
ลำปาง,4,นายวิรัชดา หอมแก่นจันทร์,6,คนขอปลดหนี้,994
ลำปาง,4,นายพินิจ จันทรสุรินทร์,9,ไทยรักไทย,54408
ลำปาง,4,นายวิภาดา ฝั้นเต็ม,11,มหาชน,3380
ลำปาง,5,นายเทวินทร์ จันทราช,1,ชาติไทย,2304
ลำปาง,5,นายสุธรรม ศุภมงคล,4,ประชาธิปัตย์,1490
ลำปาง,5,นายณาตยา ไชยเมืองชื่น,6,คนขอปลดหนี้,1662
ลำปาง,5,นายอิทธิรัตน์ จันทรสุรินทร์,9,ไทยรักไทย,51726
ลำปาง,5,นายธารทอง ทองสวัสดิ์,11,มหาชน,22369
ลำพูน,1,นายโอภาส คำบุญเรือง,4,ประชาธิปัตย์,14150
ลำพูน,1,นายจักรคำ ใจศรีธิ,6,คนขอปลดหนี้,3069
ลำพูน,1,นายอาภาภรณ์ พุทธปวน,9,ไทยรักไทย,49241
ลำพูน,1,นางอุบลรัตน์ เกริกจินดา,10,ความหวังใหม่,370
ลำพูน,1,นายบรรจง ไชยรังษี,11,มหาชน,8353
ลำพูน,1,นายบุญสมเสถียร ทะพิงค์แก,15,ชาติประชาธิปไตย,2219
ลำพูน,2,นายภูมิวัชร์ สุภาศรี,1,ชาติไทย,10117
ลำพูน,2,นายอัมรินทร์ ขัติยะวรา,4,ประชาธิปัตย์,8691
ลำพูน,2,นายวสันต์ นันตา,5,ประชาชนไทย,146
ลำพูน,2,นายอภิชาติ สายปัญญาใย,6,คนขอปลดหนี้,5356
ลำพูน,2,นายสงวน พงษ์มณี,9,ไทยรักไทย,45688
ลำพูน,2,นายนพดล จอมจันทร์ยอง,10,ความหวังใหม่,4173
ลำพูน,2,นางอรทัย ออประยูร,11,มหาชน,8413
ลำพูน,3,นายทรงชัย วงศ์สวัสดิ์,4,ประชาธิปัตย์,24852
ลำพูน,3,นายวสันต์ กาบุตร,5,ประชาชนไทย,285
ลำพูน,3,นายเพิ่มพูน สิทธิโรจน์,6,คนขอปลดหนี้,4680
ลำพูน,3,นายสถาพร มณีรัตน์,9,ไทยรักไทย,51156
ลำพูน,3,นายพงศธร คำใจหนัก,10,ความหวังใหม่,1449
ลำพูน,3,นายอนันต์ วังเวียง,11,มหาชน,4071
เลย,1,นายอาวุธ อมรทวีสิน,4,ประชาธิปัตย์,19905
เลย,1,นายทรงเดช ผาจันทร์,5,ประชาชนไทย,377
เลย,1,นายฉัตรชัย ลีกระจ่าง,6,คนขอปลดหนี้,1335
เลย,1,นายทศพล สังขทรัพย์,9,ไทยรักไทย,58112
เลย,1,นายสุวัฒน์ เคณาภูมิ,10,ความหวังใหม่,600
เลย,2,นายไพบูลย์ หล้าภูเขียว,4,ประชาธิปัตย์,4217
เลย,2,นายอภิรักษ์ ทาจิต,5,ประชาชนไทย,231
เลย,2,นายสุชาติ ลีกระจ่าง,6,คนขอปลดหนี้,692
เลย,2,นางนันทนา ทิมสุวรรณ,9,ไทยรักไทย,52652
เลย,2,นายยุทธ บุญเกษ,10,ความหวังใหม่,1169
เลย,2,นายพินิจ สิทธิโห,11,มหาชน,12670
เลย,3,นายก้องภพ อันทะระ,1,ชาติไทย,919
เลย,3,นายแก้วกล้า ทาสาลี,4,ประชาธิปัตย์,4209
เลย,3,นายพิพัฒน์ สุวรรณชาติ,5,ประชาชนไทย,336
เลย,3,นายปรีชา เร่งสมบูรณ์สุข,9,ไทยรักไทย,48194
เลย,3,นายสุชาติ ดำรงคดี,10,ความหวังใหม่,846
เลย,3,นายอดุลย์เดช ติยะบุตร,11,มหาชน,24688
เลย,4,นายสิทธิชัย สิทธิรัตน์,1,ชาติไทย,9754
เลย,4,นายประพัฒน์พงศ์ สืบสาย,4,ประชาธิปัตย์,9074
เลย,4,นายชูชาติ สงกลาง,5,ประชาชนไทย,201
เลย,4,นางจันทร์เพ็ญ แสงเจริญรัตน์,9,ไทยรักไทย,47881
เลย,4,นายอานนท์ พลภักดี,11,มหาชน,1952
ศรีสะเกษ,1,นายสิริพงศ์ อังคสกุลเกียรติ,1,ชาติไทย,33835
ศรีสะเกษ,1,นายเสนีย์ ช่างเพ็ชร์,4,ประชาธิปัตย์,956
ศรีสะเกษ,1,นายวีระพล สุขสนอง,5,ประชาชนไทย,91
ศรีสะเกษ,1,นายธเนศ เครือรัตน์,9,ไทยรักไทย,40492
ศรีสะเกษ,1,นายวีระ จันทร์ดวงศรี,10,ความหวังใหม่,355
ศรีสะเกษ,2,นายอภิชาติ ชาญประดิษฐ์,1,ชาติไทย,25328
ศรีสะเกษ,2,นายกมล แสงเดช,4,ประชาธิปัตย์,1734
ศรีสะเกษ,2,นายพิทยา บุญเฉลี่ยว,9,ไทยรักไทย,40172
ศรีสะเกษ,2,นายกฤษนัย นัยนิตย์,10,ความหวังใหม่,366
ศรีสะเกษ,2,นายพิศ สายสิงห์,11,มหาชน,2226
ศรีสะเกษ,2,นายพิทยา นักรำ,13,ไทยช่วยไทย,85
ศรีสะเกษ,3,นายธีระ ไตรสรณกุล,1,ชาติไทย,24292
ศรีสะเกษ,3,นายสุรณัฐ แนบเนียม,4,ประชาธิปัตย์,820
ศรีสะเกษ,3,นายวิวัฒชัย โหตระไวศยะ,9,ไทยรักไทย,42242
ศรีสะเกษ,3,นายสุรชัย ชินชัย,11,มหาชน,1043
ศรีสะเกษ,4,นายภูมินทร์ ลีธีระประเสริฐ,1,ชาติไทย,30013
ศรีสะเกษ,4,นายวินัย มณีกสิพันธ์,4,ประชาธิปัตย์,645
ศรีสะเกษ,4,นายภานุพงศ์ ไชยวิเศษ,5,ประชาชนไทย,64
ศรีสะเกษ,4,นายจาตุรงค์ เพ็งนรพัฒน์,9,ไทยรักไทย,37857
ศรีสะเกษ,5,นายดนัยฤทธิ์ วัชราภรณ์,1,ชาติไทย,21238
ศรีสะเกษ,5,นายศักดา กาญจนเสน,4,ประชาธิปัตย์,812
ศรีสะเกษ,5,นายเศรษฐศิษฏ์ ณุวงค์ศรี,5,ประชาชนไทย,733
ศรีสะเกษ,5,นายอมรเทพ สมหมาย,9,ไทยรักไทย,38351
ศรีสะเกษ,5,นายบัญชร แก้วส่อง,11,มหาชน,5452
ศรีสะเกษ,6,นายวีระพล จิตสัมฤทธิ์,1,ชาติไทย,31736
ศรีสะเกษ,6,นายพลเดช ศรีบุญเรือง,4,ประชาธิปัตย์,1474
ศรีสะเกษ,6,นายดำริห์ บุญสาลี,5,ประชาชนไทย,117
ศรีสะเกษ,6,นายทิน วงศ์ปลั่ง,9,ไทยรักไทย,29486
ศรีสะเกษ,6,นายอภิสิทธิ์ สุระนรากุล,11,มหาชน,5044
ศรีสะเกษ,7,นางทัศนีย์ เกษกุล,1,ชาติไทย,4367
ศรีสะเกษ,7,นายอุดม บัวเกษ,4,ประชาธิปัตย์,3745
ศรีสะเกษ,7,นางมาลินี อินฉัตร,9,ไทยรักไทย,53490
ศรีสะเกษ,7,นายชัย ศรีคราม,11,มหาชน,2845
ศรีสะเกษ,8,นายมานพ จรัสดำรงนิตย์,9,ไทยรักไทย,37180
ศรีสะเกษ,8,นายไพโรจน์ วงศ์พรหม,11,มหาชน,27426
ศรีสะเกษ,9,นายสมศักดิ์ ศรีภักดิ์,1,ชาติไทย,1324
ศรีสะเกษ,9,นายพินิต ศิริวัฒนชัยศิลป์,4,ประชาธิปัตย์,1255
ศรีสะเกษ,9,นายปวีณ แซ่จึง,9,ไทยรักไทย,60649
ศรีสะเกษ,9,นายเชาวลิต ศิลารักษ์,11,มหาชน,4324
สกลนคร,1,นายชาลี ราชัย,1,ชาติไทย,1326
สกลนคร,1,นายทวีวัฒน์ ฤทธิ์ฤาชัย,4,ประชาธิปัตย์,4497
สกลนคร,1,นางพิศตะวัน จักรพิมพ์,5,ประชาชนไทย,388
สกลนคร,1,นายอภิชาติ ตีรสวัสดิชัย,9,ไทยรักไทย,54162
สกลนคร,1,นายบุญมี วงศ์ศรีดา,10,ความหวังใหม่,4756
สกลนคร,1,นางอมราวดี สมผล,11,มหาชน,9477
สกลนคร,2,นายอธิพัทธ์ ศรีธนนันท์,1,ชาติไทย,4595
สกลนคร,2,นายสุวิทย์ นันอำไพ,4,ประชาธิปัตย์,969
สกลนคร,2,นายไต้หวัน คำสร้าง,6,คนขอปลดหนี้,2633
สกลนคร,2,นายเฉลิมชัย อุฬารกุล,9,ไทยรักไทย,50882
สกลนคร,2,นายศิริชัย สมพงษ์,11,มหาชน,8207
สกลนคร,2,นายพงศ์ภีระ วงศ์ธีรนันท์,21,เกษตรกรไทย,182
สกลนคร,3,นายนริศร ทองธิราช,1,ชาติไทย,24250
สกลนคร,3,นายไพศาล คำจวง,4,ประชาธิปัตย์,1835
สกลนคร,3,นายวันเย็น แก้วก่า,6,คนขอปลดหนี้,3101
สกลนคร,3,นายเฉลิมชาติ การุญ,9,ไทยรักไทย,39093
สกลนคร,3,นายสุรวิทย์ ฝึกฝน,11,มหาชน,817
สกลนคร,4,นายไพรัตน์ เหมะธุลิน,4,ประชาธิปัตย์,2666
สกลนคร,4,นายชาญณรงค์ ศรีสำราญ,5,ประชาชนไทย,1292
สกลนคร,4,นายสาคร พรหมภักดี,9,ไทยรักไทย,50123
สกลนคร,4,นายทรงศักดิ์ สิงหาด,11,มหาชน,10982
สกลนคร,5,นายชาคริต ไชยทองพันธ์,1,ชาติไทย,698
สกลนคร,5,นายบุญธรรม อาจหาญ,4,ประชาธิปัตย์,676
สกลนคร,5,นายพงษ์ศักดิ์ บุญศล,9,ไทยรักไทย,38497
สกลนคร,5,นายชัยรัตน์ หงส์ทอง,10,ความหวังใหม่,4939
สกลนคร,5,นายชัยมงคล ไชยรบ,11,มหาชน,17652
สกลนคร,6,นายพงศา คอมแพงจันทร์,1,ชาติไทย,16546
สกลนคร,6,นายสุนทร แผงงาม,4,ประชาธิปัตย์,709
สกลนคร,6,นายเสรี สาระนันท์,9,ไทยรักไทย,43622
สกลนคร,6,นายวัชรินทร์ ศรีถาพร,11,มหาชน,2037
สกลนคร,7,นายสุริยนต์ ศรีสถาน,1,ชาติไทย,4976
สกลนคร,7,นายบุญรักษ์ พลศรีดา,4,ประชาธิปัตย์,441
สกลนคร,7,นายบัวระพา จันทรา,6,คนขอปลดหนี้,1187
สกลนคร,7,นายเกษม อุประ,9,ไทยรักไทย,33674
สกลนคร,7,นายอวยชัย สุขรัตน์,10,ความหวังใหม่,11226
สกลนคร,7,นายภานุวัติ ยศรักษา,11,มหาชน,10303
สกลนคร,7,นางกานดา รัตนวิจารณ์,15,ชาติประชาธิปไตย,102
สงขลา,1,นายวรพจน์ วรพงศ์,1,ชาติไทย,2624
สงขลา,1,นายเจือ ราชสีห์,4,ประชาธิปัตย์,56997
สงขลา,1,นายวันชัย ปริญญาศิริ,9,ไทยรักไทย,22750
สงขลา,2,นายจำแลง มงคลนิสภกุล,1,ชาติไทย,2111
สงขลา,2,นายลาภศักดิ์ ลาภาโรจน์กิจ,4,ประชาธิปัตย์,54407
สงขลา,2,นายอรรถชาญ เชาวน์วานิชย์,9,ไทยรักไทย,14459
สงขลา,2,นายนฤชาติ บุญสุวรรณ,11,มหาชน,1180
สงขลา,3,นายนิรันดร์ แก่นยะกูล,1,ชาติไทย,4429
สงขลา,3,นายวิรัตน์ กัลยาศิริ,4,ประชาธิปัตย์,67631
สงขลา,3,นายสุนทร ประทุมทอง,9,ไทยรักไทย,22291
สงขลา,4,นายอาภรณ์ ทองเมือง,1,ชาติไทย,2835
สงขลา,4,นายวินัย เสนเนียม,4,ประชาธิปัตย์,49604
สงขลา,4,นายกิตติพัฒน์ แก้วมณี,9,ไทยรักไทย,17360
สงขลา,5,นายเฉลิม บุญรัตนัง,1,ชาติไทย,2535
สงขลา,5,นายประพร เอกอุรุ,4,ประชาธิปัตย์,47680
สงขลา,5,นายวรวิทย์ ขาวทอง,9,ไทยรักไทย,33039
สงขลา,5,นายกมลชัย ศิริรังษี,11,มหาชน,570
สงขลา,6,นายจรูญ ปราบณรงค์,1,ชาติไทย,1528
สงขลา,6,นายถาวร เสนเนียม,4,ประชาธิปัตย์,59571
สงขลา,6,นายพิทักษ์ พุทธวิโร,9,ไทยรักไทย,15909
สงขลา,7,นายวิษณุ บุหงา,1,ชาติไทย,2152
สงขลา,7,นายศิริโชค โสภา,4,ประชาธิปัตย์,43848
สงขลา,7,นายอรัญ พรหมรัตน์,9,ไทยรักไทย,25159
สงขลา,7,นายสาทร สิกกะ,11,มหาชน,12736
สงขลา,7,นายจามจุรี โอภาสภาณุเมศ,19,พลังเกษตรกร,240
สงขลา,8,นายสันทัด หมัดบาซา,1,ชาติไทย,11428
สงขลา,8,นายนาราชา สุวิทย์,4,ประชาธิปัตย์,45065
สงขลา,8,นายสุรศักดิ์ มณี,9,ไทยรักไทย,27551
สงขลา,8,นายชอบ สิทธิประการ,11,มหาชน,2638
สตูล,1,นายอาหมาด หลังยาหน่าย,1,ชาติไทย,5662
สตูล,1,นายอสิ มะหะมัดยังกี,4,ประชาธิปัตย์,30771
สตูล,1,นายชัยรัตน์ ลำโป,9,ไทยรักไทย,23899
สตูล,1,นายมูนีร์สมูฮัมหมัด ใบกาเด็ม,11,มหาชน,5930
สตูล,2,นายวีรชัย ราโอบ,1,ชาติไทย,1344
สตูล,2,นายธานินทร์ ใจสมุทร,4,ประชาธิปัตย์,36508
สตูล,2,นายจิรายุส เนาวเกตุ,9,ไทยรักไทย,34589
สตูล,2,นายชอบ ขุนศักดิ์,11,มหาชน,1346
สมุทรปราการ,1,นายอนัน เทพหัสดิน ณ อยุธยา,4,ประชาธิปัตย์,9755
สมุทรปราการ,1,นายสงคราม กิจเลิศไพโรจน์,9,ไทยรักไทย,34070
สมุทรปราการ,1,นายอัครวัฒน์ อัศวเหม,11,มหาชน,16007
สมุทรปราการ,1,นายเอราวัณ ทับพลี,14,แรงงาน,1245
สมุทรปราการ,2,นายเอกสิทธิ คุณานันทกุล,1,ชาติไทย,10379
สมุทรปราการ,2,นายสรชา วีรชาติวัฒนา,4,ประชาธิปัตย์,12945
สมุทรปราการ,2,นายประเสริฐ เด่นนภาลัย,9,ไทยรักไทย,38408
สมุทรปราการ,2,นายกิตติ ยงศ์สงวนชัย,11,มหาชน,13813
สมุทรปราการ,2,นายเกรียงศักดิ์ พินทุสรศรี,17,ทางเลือกที่สาม,423
สมุทรปราการ,3,นายอภิลักษณ์ ปรัชญาภรณ์,4,ประชาธิปัตย์,10510
สมุทรปราการ,3,นายวัลลภ ยังตรง,9,ไทยรักไทย,44506
สมุทรปราการ,3,นายจักรกฤษณ์ ยั่งยืน,11,มหาชน,16279
สมุทรปราการ,4,นายสุวัจชัย ฉัตรชุมสาย,4,ประชาธิปัตย์,17184
สมุทรปราการ,4,นายจิรพันธ์ ลิ้มสกุลศิริรัตน์,9,ไทยรักไทย,45589
สมุทรปราการ,4,นายสุนทร ปานแสงทอง,11,มหาชน,10994
สมุทรปราการ,5,นายเกรียงศักดิ์ บุญประเสริฐ,4,ประชาธิปัตย์,10127
สมุทรปราการ,5,นางสลิลทิพย์ ชัยสดมภ์,9,ไทยรักไทย,50006
สมุทรปราการ,5,นายมั่น พัธโนทัย,11,มหาชน,10115
สมุทรปราการ,6,นายอุเทน ชาติภิญโญ,4,ประชาธิปัตย์,8258
สมุทรปราการ,6,นายเรวดี รัศมิทัติ,9,ไทยรักไทย,49542
สมุทรปราการ,6,นายนันทนิจ กุลเจริญ,11,มหาชน,15183
สมุทรปราการ,7,นายสมยศ ประกอบผล,4,ประชาธิปัตย์,11966
สมุทรปราการ,7,นายประชา ประสพดี,9,ไทยรักไทย,46880
สมุทรปราการ,7,นายภัทราวุธ พุกพิบูลย์,11,มหาชน,14536
สมุทรสงคราม,1,นายโยธิน ณ บางช้าง,1,ชาติไทย,1038
สมุทรสงคราม,1,นายรังสิมา รอดรัศมี,4,ประชาธิปัตย์,55507
สมุทรสงคราม,1,นายไชยรัตน์ ไทยเจียมอารีย์,9,ไทยรักไทย,44838
สมุทรสงคราม,1,นายอัครเดช ยิ่งนคร,11,มหาชน,621
สมุทรสาคร,1,นายวิรัช เถื่อนยืนยงค์,1,ชาติไทย,1407
สมุทรสาคร,1,นายครรชิต ทับสุวรรณ,4,ประชาธิปัตย์,28929
สมุทรสาคร,1,นายอนุสรณ์ ไกรวัตนุสสรณ์,9,ไทยรักไทย,37542
สมุทรสาคร,1,นายสนธิญา สวัสดี,12,ประชากรไทย,327
สมุทรสาคร,2,นายสุธรรม ระหงษ์,4,ประชาธิปัตย์,38825
สมุทรสาคร,2,นายเชี่ยวชาญ โชติกะพุกกณะ,5,ประชาชนไทย,226
สมุทรสาคร,2,นายศุภพรพงศ์ ชวนบุญ,9,ไทยรักไทย,42318
สมุทรสาคร,3,นายวิเลข ศรีนิเวศน์,4,ประชาธิปัตย์,28953
สมุทรสาคร,3,นายอุดม ไกรวัตนุสสรณ์,9,ไทยรักไทย,39482
สระแก้ว,1,นายเรือง บาดาล,4,ประชาธิปัตย์,8678
สระแก้ว,1,นายฐานิสร์ เทียนทอง,9,ไทยรักไทย,77036
สระแก้ว,2,นายสุทธิรักษ์ วันเพ็ญ,4,ประชาธิปัตย์,8953
สระแก้ว,2,นายตรีนุช เทียนทอง,9,ไทยรักไทย,74286
สระแก้ว,3,นายพรพล เอกอรรถพร,4,ประชาธิปัตย์,16875
สระแก้ว,3,นายสรวงศ์ เทียนทอง,9,ไทยรักไทย,62444
สระบุรี,1,นายขุนทอง แสนวิเศษ,1,ชาติไทย,11872
สระบุรี,1,นายกัลยา รุ่งวิจิตรชัย,4,ประชาธิปัตย์,25326
สระบุรี,1,นายปรพล อดิเรกสาร,9,ไทยรักไทย,39048
สระบุรี,1,นายมงคล เพชรวราภา,11,มหาชน,2255
สระบุรี,2,นายเสน่ห์ เลาหะพานิช,1,ชาติไทย,28778
สระบุรี,2,นายอดิศักดิ์ จันทร์วิทัน,4,ประชาธิปัตย์,5668
สระบุรี,2,นายยงยศ อดิเรกสาร,9,ไทยรักไทย,38345
สระบุรี,2,นายเชิดชัย กลางสาทร,10,ความหวังใหม่,793
สระบุรี,2,นายสมชาย ใจมุ่ง,11,มหาชน,718
สระบุรี,3,นายสัญญา บุญ-หลง,1,ชาติไทย,20146
สระบุรี,3,นายธนวัฒน์ คูวิจิตรสุวรรณ,4,ประชาธิปัตย์,17776
สระบุรี,3,นายฉัตรชัย ศิลาพร,9,ไทยรักไทย,44649
สระบุรี,4,นายชนัตถ์ นันทปัญญา,1,ชาติไทย,22404
สระบุรี,4,นายคงคา อินทขันตี,4,ประชาธิปัตย์,3456
สระบุรี,4,นายวีระพล อดิเรกสาร,9,ไทยรักไทย,46325
สิงห์บุรี,1,นายชัยวุฒิ ธนาคมานุสรณ์,1,ชาติไทย,45320
สิงห์บุรี,1,นายเอกทีป ธิติธางกูร,4,ประชาธิปัตย์,3326
สิงห์บุรี,1,นายพายัพ ปั้นเกตุ,9,ไทยรักไทย,72708
สิงห์บุรี,1,นายอาคม ปั้นคุ้ม,10,ความหวังใหม่,273
สิงห์บุรี,1,นายวันเฉลิม แสงสว่าง,11,มหาชน,485
สุโขทัย,1,นายวิรัตน์ วิริยะพงษ์,4,ประชาธิปัตย์,23255
สุโขทัย,1,นายชาญชัย จินดาเลิศ,6,คนขอปลดหนี้,810
สุโขทัย,1,นางอนงค์วรรณ เทพสุทิน,9,ไทยรักไทย,46770
สุโขทัย,1,นางวรอนงค์ หวลจิตร์,11,มหาชน,2050
สุโขทัย,2,นายสัมพันธ์ ตั้งเบญจผล,4,ประชาธิปัตย์,22937
สุโขทัย,2,นายอุดม หมีเทศ,6,คนขอปลดหนี้,12070
สุโขทัย,2,นายประศาสตร์ ทองปากน้ำ,9,ไทยรักไทย,39461
สุโขทัย,3,นายวัชพล พรหมมี,4,ประชาธิปัตย์,18802
สุโขทัย,3,นายสุทธิพงษ์ เพ็งพี,6,คนขอปลดหนี้,1203
สุโขทัย,3,นายสมเจตน์ ลิมปะพันธุ์,9,ไทยรักไทย,53116
สุโขทัย,4,นายสุเทพ เอื้อคณิต,1,ชาติไทย,868
สุโขทัย,4,นายพลวัฒน์ เล็กสมบูรณ์ไชย,4,ประชาธิปัตย์,31662
สุโขทัย,4,นายชุดาภรณ์ โพธิ์แจ้ง,6,คนขอปลดหนี้,740
สุโขทัย,4,นายประทวน เขียวฤทธิ์,9,ไทยรักไทย,40942
สุพรรณบุรี,1,นายวราวุธ ศิลปอาชา,1,ชาติไทย,57998
สุพรรณบุรี,1,นายธนิตศักดิ์ ป้องเจริญ,4,ประชาธิปัตย์,1234
สุพรรณบุรี,1,นายปรีดี เจริญศิลป์,9,ไทยรักไทย,17954
สุพรรณบุรี,2,นายกัญจนา ศิลปอาชา,1,ชาติไทย,60816
สุพรรณบุรี,2,นายปรึกษา เจริญกิจ,4,ประชาธิปัตย์,289
สุพรรณบุรี,2,นายวิจิตร เกตุแก้ว,9,ไทยรักไทย,14460
สุพรรณบุรี,3,นายณัฐวุฒิ ประเสริฐสุวรรณ,1,ชาติไทย,61211
สุพรรณบุรี,3,นายวิภาต สุนทรวิภาต,4,ประชาธิปัตย์,418
สุพรรณบุรี,3,นายสมคิด สัมฤทธิ์สุทธิ์,9,ไทยรักไทย,10137
สุพรรณบุรี,4,นายบรรหาร ศิลปอาชา,1,ชาติไทย,58610
สุพรรณบุรี,4,นายธารา สอิ้งทอง,4,ประชาธิปัตย์,840
สุพรรณบุรี,4,นายยุทธนา ลับบัวงาม,9,ไทยรักไทย,10801
สุพรรณบุรี,5,นายยุทธนา โพธสุธน,1,ชาติไทย,55165
สุพรรณบุรี,5,นายบัญชา อ่อนวิมล,4,ประชาธิปัตย์,1449
สุพรรณบุรี,5,นายเทียนชัย ปิ่นวิเศษ,9,ไทยรักไทย,21388
สุพรรณบุรี,6,นายเสมอกัน เที่ยงธรรม,1,ชาติไทย,42795
สุพรรณบุรี,6,นายปัญญา ทูลเสนีย์,4,ประชาธิปัตย์,707
สุพรรณบุรี,6,นายสหรัฐ กุลศรี,9,ไทยรักไทย,29927
สุราษฎร์ธานี,1,นายโกเมศ ขวัญเมือง,4,ประชาธิปัตย์,48383
สุราษฎร์ธานี,1,นายภานุ ศรีบุศยกาญจน์,9,ไทยรักไทย,20990
สุราษฎร์ธานี,1,นายษัษฐบุตร พฤทธิพันธุ์,11,มหาชน,3918
สุราษฎร์ธานี,2,นายประพนธ์ นิลวัชรมณี,4,ประชาธิปัตย์,61315
สุราษฎร์ธานี,2,นายสมพล วิชัยดิษฐ,9,ไทยรักไทย,22251
สุราษฎร์ธานี,3,นายมานพ เกษมณี,1,ชาติไทย,6352
สุราษฎร์ธานี,3,นายชุมพล กาญจนะ,4,ประชาธิปัตย์,52602
สุราษฎร์ธานี,3,นายชูชัย ทองขาว,9,ไทยรักไทย,16460
สุราษฎร์ธานี,4,นายเชน เทือกสุบรรณ,4,ประชาธิปัตย์,50175
สุราษฎร์ธานี,4,นายทรงกรด ประดิษฐพร,9,ไทยรักไทย,22363
สุราษฎร์ธานี,5,นายเอกราช รอดเจริญ,1,ชาติไทย,1662
สุราษฎร์ธานี,5,นายสินิตย์ เลิศไกร,4,ประชาธิปัตย์,68019
สุราษฎร์ธานี,5,นายโกมล นกวิเชียร,9,ไทยรักไทย,16265
สุราษฎร์ธานี,6,นายประมวล ชูกล่อม,1,ชาติไทย,4638
สุราษฎร์ธานี,6,นางนิภา พริ้งศุลกะ,4,ประชาธิปัตย์,60714
สุราษฎร์ธานี,6,นายรัฐพล โกละกะ,9,ไทยรักไทย,12338
สุราษฎร์ธานี,6,นายชยุต วิมล,11,มหาชน,2159
สุรินทร์,1,นายบุญติด สุรประพจน์,1,ชาติไทย,2561
สุรินทร์,1,นายอัครเดช สุพรรณฝาย,4,ประชาธิปัตย์,7613
สุรินทร์,1,นายนักสิทธิ์ อุ่นจิต,5,ประชาชนไทย,485
สุรินทร์,1,นายชูชัย มุ่งเจริญพร,9,ไทยรักไทย,43594
สุรินทร์,1,นายกานนท์ เรืองกาญจนเศรษฐ์,11,มหาชน,12596
สุรินทร์,2,นายภูริตา มูลศาสตร์,1,ชาติไทย,9870
สุรินทร์,2,นางศิริรัตน์ สมัครสมาน,4,ประชาธิปัตย์,3532
สุรินทร์,2,นายสันทัด อุไร,5,ประชาชนไทย,2683
สุรินทร์,2,นายเกษม รุ่งธนเกียรติ,9,ไทยรักไทย,36706
สุรินทร์,2,นายสุวิช บูรณ์เจริญ,11,มหาชน,13694
สุรินทร์,3,นายแฎง หนุนชู,1,ชาติไทย,10909
สุรินทร์,3,นายวีระพันธ์ ศิริพาณิชย์ศกุนต์,4,ประชาธิปัตย์,5001
สุรินทร์,3,นางฟาริดา สุไลมาน,9,ไทยรักไทย,38445
สุรินทร์,3,นายประไพ สุขบท,11,มหาชน,3246
สุรินทร์,4,นางนัฐมล สมบูรณ์เทอดธนา,1,ชาติไทย,16596
สุรินทร์,4,นายสุเทพ สุระขุนทด,5,ประชาชนไทย,200
สุรินทร์,4,นายธีระทัศน์ เตียวเจริญโสภา,9,ไทยรักไทย,39845
สุรินทร์,4,นายหริศ วีระเสถียร,11,มหาชน,2642
สุรินทร์,5,นายทวีสิทธิ์ ใจกล้า,1,ชาติไทย,8663
สุรินทร์,5,นายสวิน นิลเพชร,4,ประชาธิปัตย์,1889
สุรินทร์,5,นายประดุจ มั่นหมาย,9,ไทยรักไทย,30746
สุรินทร์,5,นายสินชัย ตันติรัตนานนท์,11,มหาชน,15158
สุรินทร์,6,นายชูศักดิ์ แอกทอง,1,ชาติไทย,13009
สุรินทร์,6,นายณรงค์ฤทธิ์ ชัยสุวรรณ์,4,ประชาธิปัตย์,1371
สุรินทร์,6,นายชุมพล เรืองศิริ,5,ประชาชนไทย,133
สุรินทร์,6,นายศุภรักษ์ ควรหา,9,ไทยรักไทย,42531
สุรินทร์,6,นายกำชัย เรืองกาญจนเศรษฐ์,11,มหาชน,5126
สุรินทร์,7,นายสุเทพ เตียวเจริญโสภา,1,ชาติไทย,19306
สุรินทร์,7,นายมานิตย์ สังข์พุ่ม,9,ไทยรักไทย,37978
สุรินทร์,7,นายพรสวรรค์ มูลศาสตร์,11,มหาชน,1191
สุรินทร์,8,นายสุริยะ ร่วมพัฒนา,1,ชาติไทย,35318
สุรินทร์,8,นายชัย บรรลุสุข,4,ประชาธิปัตย์,420
สุรินทร์,8,นายประชุมศักดิ์ ดีสม,5,ประชาชนไทย,71
สุรินทร์,8,นายเสกสรรค์ แสนภูมิ,9,ไทยรักไทย,32369
สุรินทร์,8,นายอำนาจ จำปาทอง,11,มหาชน,869
สุรินทร์,9,นายวิทยา เทียมทอง,1,ชาติไทย,1324
สุรินทร์,9,นางจันทร์ฉาย วงศ์วิบูลเศรษฐ์,2,กิจสังคม,88
สุรินทร์,9,นายสุทัศน์ สัตย์แสง,4,ประชาธิปัตย์,631
สุรินทร์,9,นายจันทร์จรัส เสนาธนศักดิ์,7,ธรรมชาติไทย,221
สุรินทร์,9,นายตี๋ใหญ่ พูนศรีธนากูล,9,ไทยรักไทย,37472
สุรินทร์,9,นายชมรพ คำภิรมย์,10,ความหวังใหม่,677
สุรินทร์,9,นายสาธิต เทพวงศ์ศิริรัตน์,11,มหาชน,19153
สุรินทร์,9,นายนันทพัทธ์ ธีมาเกียรติธนา,18,รักษ์ถิ่นไทย,341
หนองคาย,1,นายกำภล เมืองโคตร,1,ชาติไทย,9786
หนองคาย,1,นายมงคล ศิโรรัตนรังษี,4,ประชาธิปัตย์,13020
หนองคาย,1,นายพิบูลย์ มณีทร,6,คนขอปลดหนี้,1071
หนองคาย,1,นายพงศ์พันธ์ สุนทรชัย,9,ไทยรักไทย,45336
หนองคาย,1,นายสังวาลย์ ริมเขาใหญ่,11,มหาชน,889
หนองคาย,2,นายธงชัย กึ่งมาตย์,4,ประชาธิปัตย์,1562
หนองคาย,2,นายอนันต์ ภมรศิริ,5,ประชาชนไทย,122
หนองคาย,2,นางพูลทรัพย์ คมสัน,6,คนขอปลดหนี้,626
หนองคาย,2,นายประสิทธิ์ จันทาทอง,9,ไทยรักไทย,42220
หนองคาย,2,นายเทียนชัย มีชัย,11,มหาชน,15326
หนองคาย,3,นายประสงค์ ปุนนา,1,ชาติไทย,5328
หนองคาย,3,นายสานิตย์ นามบุปผา,4,ประชาธิปัตย์,2095
หนองคาย,3,นายจันทร์สุดา เตระชทัด,6,คนขอปลดหนี้,1402
หนองคาย,3,นายเอกธนัช อินทร์รอด,9,ไทยรักไทย,48804
หนองคาย,3,นายสมพงษ์ พรหมกลาง,11,มหาชน,2112
หนองคาย,4,นายปิยะ พันลำ,4,ประชาธิปัตย์,1372
หนองคาย,4,นายกังวาล ครองยุติ,6,คนขอปลดหนี้,2001
หนองคาย,4,นายเทวฤทธิ์ นิกรเทศ,9,ไทยรักไทย,42478
หนองคาย,4,นายยุทธพงษ์ แสงศรี,11,มหาชน,8777
หนองคาย,5,นายธรรมนูญ เจริญดี,1,ชาติไทย,8773
หนองคาย,5,นายสากล นันทรักษ์,4,ประชาธิปัตย์,941
หนองคาย,5,นายสัมฤทธิ์ สงวนนาม,6,คนขอปลดหนี้,2607
หนองคาย,5,นายสงกรานต์ คำพิไสย์,9,ไทยรักไทย,47704
หนองคาย,5,นายปฏิวัติ จันทจร,10,ความหวังใหม่,370
หนองคาย,5,นายพยัคฆ์ สิมมาโคตร,11,มหาชน,3075
หนองคาย,6,นายไตรรงค์ ติธรรม,1,ชาติไทย,13151
หนองคาย,6,นายวินัย ติยะบุตร,4,ประชาธิปัตย์,628
หนองคาย,6,นายดิเรก ไชยสุระ,6,คนขอปลดหนี้,1604
หนองคาย,6,นายนิพนธ์ คนขยัน,9,ไทยรักไทย,38479
หนองคาย,6,นายประมวล บุญขัน,10,ความหวังใหม่,236
หนองคาย,6,นายสุเมธ พรมพันห่าว,11,มหาชน,4589
หนองบัวลำภู,1,นายสุรชัย ทวีคูณ,1,ชาติไทย,1486
หนองบัวลำภู,1,นายกุลฤดี สุวรรณพรหม,4,ประชาธิปัตย์,6655
หนองบัวลำภู,1,นายกิตติศักดิ์ หัตถสงเคราะห์,9,ไทยรักไทย,46497
หนองบัวลำภู,1,นายไพรัช นุชิต,11,มหาชน,15654
หนองบัวลำภู,2,นางมัธณาพร ภูตลาดขาม,4,ประชาธิปัตย์,1989
หนองบัวลำภู,2,นายไชยา พรหมา,9,ไทยรักไทย,44747
หนองบัวลำภู,2,นายวุฒิพงษ์ ศิริสถิตย์,11,มหาชน,19830
หนองบัวลำภู,3,นายสรชาติ สุวรรณพรหม,4,ประชาธิปัตย์,5663
หนองบัวลำภู,3,นายวิชัย สามิตร,9,ไทยรักไทย,51027
หนองบัวลำภู,3,นายอุทัย เมืองคุณ,11,มหาชน,8109
อ่างทอง,1,นายวิโรจน์ เปาอินทร์,1,ชาติไทย,24529
อ่างทอง,1,นายอุดม ฤกษ์วรารักษ์,4,ประชาธิปัตย์,14211
อ่างทอง,1,นายเพ็ญชิสา หงษ์อุปถัมภ์ไชย,9,ไทยรักไทย,38429
อ่างทอง,1,นายธนะเทพ ทองสถิต,11,มหาชน,664
อ่างทอง,2,นายสมศักดิ์ ปริศนานันทกุล,1,ชาติไทย,41614
อ่างทอง,2,นายแดน เวลาดี,4,ประชาธิปัตย์,1026
อ่างทอง,2,นายประจวบ เปาอินทร์,9,ไทยรักไทย,33009
อ่างทอง,2,นายสมมาตร์ มีศิลป์,11,มหาชน,846
อำนาจเจริญ,1,นายวิเชียร อุดมศักดิ์,4,ประชาธิปัตย์,28203
อำนาจเจริญ,1,นายธีระชัย ศิริขันธ์,9,ไทยรักไทย,49229
อำนาจเจริญ,1,นายไพฑูรย์ เสถียรวัฒน์,11,มหาชน,4012
อำนาจเจริญ,2,นายไพศาล จันทวารา,1,ชาติไทย,18927
อำนาจเจริญ,2,นายอภิวัฒน์ เงินหมื่น,4,ประชาธิปัตย์,26241
อำนาจเจริญ,2,นายชัยศรี กีฬา,9,ไทยรักไทย,35718
อำนาจเจริญ,2,นายศรัญญู ขันติกุล,11,มหาชน,2208
อุดรธานี,1,นางเตือนใจ นุอุปละ,4,ประชาธิปัตย์,8438
อุดรธานี,1,นายศราวุธ เพชรพนมพร,9,ไทยรักไทย,41868
อุดรธานี,1,นางจันทร์เพ็ญ ริ้วทองชุ่ม,10,ความหวังใหม่,1118
อุดรธานี,1,นางพรทิพา กัสนุกา,11,มหาชน,2594
อุดรธานี,2,นายอรรถพล สนิทวงศ์ชัย,9,ไทยรักไทย,53946
อุดรธานี,2,นายพูลศักดิ์ อยู่ประเสริฐ,11,มหาชน,22550
อุดรธานี,3,นายประสาสน์ ทองทวี,4,ประชาธิปัตย์,1041
อุดรธานี,3,นายวิชัย ชัยจิตวณิชกุล,9,ไทยรักไทย,50094
อุดรธานี,3,นายสมคิด หอมเนตร,10,ความหวังใหม่,616
อุดรธานี,3,นายองอาจ วิเศษ,11,มหาชน,13230
อุดรธานี,4,นางสุชีรา ชัยเชาวรัตน์,1,ชาติไทย,2428
อุดรธานี,4,นายธีระยุทธ วานิชชัง,9,ไทยรักไทย,51486
อุดรธานี,4,นายยิ่งยง พูลลาภ,10,ความหวังใหม่,1375
อุดรธานี,4,นายสุรทิน พิมานเมฆินทร์,11,มหาชน,11471
อุดรธานี,5,นายภาณุ พรวัฒนา,1,ชาติไทย,11341
อุดรธานี,5,นายคงเดช สิทธิมาตย์,4,ประชาธิปัตย์,846
อุดรธานี,5,นายณรงค์ศักดิ์ โฆสิต,6,คนขอปลดหนี้,542
อุดรธานี,5,นายรสพิมล จิรเมธากร,9,ไทยรักไทย,41375
อุดรธานี,5,นายชิน โยธาศรี,10,ความหวังใหม่,333
อุดรธานี,5,นางรุ้งลาวัลย์ คำมุงคุณ,11,มหาชน,7260
อุดรธานี,6,นายเกียรติชัย ชัยเชาวรัตน์,1,ชาติไทย,6995
อุดรธานี,6,นายวิชัย เอี่ยมวงศ์,4,ประชาธิปัตย์,4727
อุดรธานี,6,นายสุกรี ธรรมเจริญ,6,คนขอปลดหนี้,392
อุดรธานี,6,นายทองดี มนิสสาร,9,ไทยรักไทย,37685
อุดรธานี,6,นายพิชัย ขวัญทอง,10,ความหวังใหม่,213
อุดรธานี,6,นายเพทาย บุญไชย,11,มหาชน,3487
อุดรธานี,6,นายกณวรรธน์ มีชัยมาตร์,13,ไทยช่วยไทย,283
อุดรธานี,6,นายขจิตร ชัยนิคม,16,กสิกรไทย,6703
อุดรธานี,7,นายชัยรัตน์ โสดา,1,ชาติไทย,2155
อุดรธานี,7,นายประภากร ลุนเหลา,4,ประชาธิปัตย์,731
อุดรธานี,7,นายธนวัฒน์ ขันธวิชัย,5,ประชาชนไทย,1996
อุดรธานี,7,นายบุญเรือง เนาวดี,6,คนขอปลดหนี้,710
อุดรธานี,7,นายธีระชัย แสนแก้ว,9,ไทยรักไทย,51403
อุดรธานี,7,นายวิทูล นามคูณ,10,ความหวังใหม่,424
อุดรธานี,7,นายประดิษฐ์ ระบาเลิศ,11,มหาชน,12948
อุดรธานี,8,นายเกษมสันต์ จันทรเสนา,1,ชาติไทย,3587
อุดรธานี,8,นายต่อพงษ์ ไชยสาส์น,9,ไทยรักไทย,51617
อุดรธานี,8,นายสว่าง วรรณสุทธิ์,10,ความหวังใหม่,681
อุดรธานี,8,นายสมเกียรติ สุขธนะ,11,มหาชน,9111
อุดรธานี,9,นายกิตติศักดิ์ พรหมทะสาร,1,ชาติไทย,1157
อุดรธานี,9,นายสินสมุทร วงษ์เชียงยืน,4,ประชาธิปัตย์,1323
อุดรธานี,9,นายสมบูรณ์ งามเกาะ,5,ประชาชนไทย,118
อุดรธานี,9,นายธราพงษ์ สีลาวงษ์,9,ไทยรักไทย,53104
อุดรธานี,9,นายรัศมี สังข์ทอง,11,มหาชน,10496
อุดรธานี,9,นายจำรัส เหล่าแค,15,ชาติประชาธิปไตย,337
อุดรธานี,10,นายบุญหนัก นันทกุล,1,ชาติไทย,22968
อุดรธานี,10,นายสังวาลย์ ศิริพันธุ์,4,ประชาธิปัตย์,405
อุดรธานี,10,นายธราเทพ จันทะคัต,6,คนขอปลดหนี้,680
อุดรธานี,10,นายสุรชาติ ชำนาญศิลป์,9,ไทยรักไทย,38497
อุดรธานี,10,นายปพนสรรค์ พระแก้ว,10,ความหวังใหม่,632
อุดรธานี,10,นายวิเชียร ขาวขำ,11,มหาชน,5918
อุตรดิตถ์,1,นายพรศักดิ์ เอื้อประเสริฐ,4,ประชาธิปัตย์,31695
อุตรดิตถ์,1,นายกฤษณา สีหลักษณ์,9,ไทยรักไทย,43430
อุตรดิตถ์,1,นายเกรียงศักดิ์ สถาปนศิริ,10,ความหวังใหม่,1206
อุตรดิตถ์,1,นายทวีศักดิ์ แสงเงิน,11,มหาชน,715
อุตรดิตถ์,2,นายแสวง จันทร์แสนตอ,1,ชาติไทย,1925
อุตรดิตถ์,2,นางบุญเทียน แก้วมูล,4,ประชาธิปัตย์,5055
อุตรดิตถ์,2,นายศรัณย์ ศรัณย์เกตุ,9,ไทยรักไทย,50264
อุตรดิตถ์,2,นายไพโรจน์ จันตรี,10,ความหวังใหม่,1097
อุตรดิตถ์,2,นายวิทยา จันทร์แสนตอ,11,มหาชน,15784
อุตรดิตถ์,3,นายยิ่งใหญ่ เส็งพานิช,1,ชาติไทย,1271
อุตรดิตถ์,3,นายอี๊ดยังวัน ยงย่วน,4,ประชาธิปัตย์,17505
อุตรดิตถ์,3,นายทนุศักดิ์ เล็กอุทัย,9,ไทยรักไทย,62272
อุทัยธานี,1,นายธีรพันธ์ วีระยุทธวัฒนะ,1,ชาติไทย,32011
อุทัยธานี,1,นายวิรัต รัตยา,4,ประชาธิปัตย์,7889
อุทัยธานี,1,นายประแสง มงคลศิริ,9,ไทยรักไทย,32880
อุทัยธานี,1,นายพินันต์ พัวพัฒนกุล,11,มหาชน,11584
อุทัยธานี,2,นายนพดล พลเสน,1,ชาติไทย,42700
อุทัยธานี,2,นายวิทยา จันทร์สม,4,ประชาธิปัตย์,10294
อุทัยธานี,2,นายประสงค์ มงคลศิริ,9,ไทยรักไทย,26694
อุบลราชธานี,1,นายอุทิศพงษ์ สรวงสุธาร,4,ประชาธิปัตย์,7214
อุบลราชธานี,1,นายเกรียง กัลป์ตินันท์,9,ไทยรักไทย,41506
อุบลราชธานี,1,นายไพวัณ วัฒนราษฎร์,11,มหาชน,18833
อุบลราชธานี,1,นายไพศาล อัครรัตนดิลก,12,ประชากรไทย,649
อุบลราชธานี,2,นายศุภชัย ศรีหล้า,4,ประชาธิปัตย์,26016
อุบลราชธานี,2,นายสมบัติ รัตโน,9,ไทยรักไทย,38274
อุบลราชธานี,2,นายวิทยา ขันอาสา,11,มหาชน,10271
อุบลราชธานี,3,นายวิฑูรย์ นามบุตร,4,ประชาธิปัตย์,39390
อุบลราชธานี,3,นายโกวิทย์ ธรรมานุชิต,9,ไทยรักไทย,37134
อุบลราชธานี,3,นายชัชวาลย์ วาระนุช,11,มหาชน,437
อุบลราชธานี,3,นายอำพล สุวรรณกูฏ,15,ชาติประชาธิปไตย,151
อุบลราชธานี,4,นายทยากร พลพานิช,1,ชาติไทย,3911
อุบลราชธานี,4,นายไชโย อ่อนละออ,4,ประชาธิปัตย์,5015
อุบลราชธานี,4,นายสุพล ฟองงาม,9,ไทยรักไทย,64750
อุบลราชธานี,4,นายนิวัติ อ่างแก้ว,10,ความหวังใหม่,348
อุบลราชธานี,4,นายธนวัฒน์ อเนกอนันต์กิจ,11,มหาชน,6806
อุบลราชธานี,5,นายรัฐกิตติ์ ผาลีพัฒน์,1,ชาติไทย,35762
อุบลราชธานี,5,นายปฐมพงษ์ เรืองแสน,4,ประชาธิปัตย์,577
อุบลราชธานี,5,นายจิตรกร สุทธิพรชัย,5,ประชาชนไทย,92
อุบลราชธานี,5,นายสุทธิชัย จรูญเนตร,9,ไทยรักไทย,33061
อุบลราชธานี,5,นายสาคร วงษ์ใหญ่,11,มหาชน,1105
อุบลราชธานี,5,นายเจษฎา อมตไพบูลย์,19,พลังเกษตรกร,378
อุบลราชธานี,6,นายมีศักดิ์ ญาณะพันธ์,1,ชาติไทย,3420
อุบลราชธานี,6,นายธนบูรณ์ชัย อร่ามเรือง,4,ประชาธิปัตย์,7720
อุบลราชธานี,6,นายอุดร ทองประเสริฐ,9,ไทยรักไทย,33347
อุบลราชธานี,6,นายวีระ รูปคม,11,มหาชน,18006
อุบลราชธานี,7,นายแสง ศรีบุระ,4,ประชาธิปัตย์,14459
อุบลราชธานี,7,นายอภัย กินามณีย์,6,คนขอปลดหนี้,5453
อุบลราชธานี,7,นายอดิศักดิ์ โภคกุลกานนท์,9,ไทยรักไทย,29861
อุบลราชธานี,7,นายพยุงศักดิ์ พ้นภัย,10,ความหวังใหม่,1888
อุบลราชธานี,7,นายวิทยา จันทวีศิริรัตน์,11,มหาชน,16384
อุบลราชธานี,8,นายอิสระ สมชัย,4,ประชาธิปัตย์,36236
อุบลราชธานี,8,นายพูลสวัสดิ์ โหตระไวศยะ,9,ไทยรักไทย,30057
อุบลราชธานี,8,นายเชาวพันธ์ เขียวสะอาด,11,มหาชน,1004
อุบลราชธานี,9,นายพิศมัย พิณโท,4,ประชาธิปัตย์,839
อุบลราชธานี,9,นายสุชาติ ตันติวณิชชานนท์,9,ไทยรักไทย,44284
อุบลราชธานี,9,นายวันชัย สุภากรณ์,10,ความหวังใหม่,515
อุบลราชธานี,9,นายปัญญา จินตะเวช,11,มหาชน,18257
อุบลราชธานี,10,นายศักดิ์ชัย จินตะเวช,1,ชาติไทย,31580
อุบลราชธานี,10,นายรุ่งลาวัลย์ วุฒธพรหม,4,ประชาธิปัตย์,552
อุบลราชธานี,10,นางมาลีวัลย์ ไชยสนิท,6,คนขอปลดหนี้,461
อุบลราชธานี,10,นายกิตติพงษ์ เทียมสุวรรณ,9,ไทยรักไทย,31973
อุบลราชธานี,10,นายวิทยา บันทุปา,11,มหาชน,6900
อุบลราชธานี,11,นายโอวาท จุลโคตร,4,ประชาธิปัตย์,1946
อุบลราชธานี,11,นายชาตรี พิริยะกิจไพบูลย์,9,ไทยรักไทย,33292
อุบลราชธานี,11,นายตุ่น จินตะเวช,11,มหาชน,35000